fecha,estacion,SSC,NIR
2018-01-27,1,301.32376,0.0640558622009027
2018-01-27,2,354.16406,0.0702958745769357
2018-01-27,3,341.3943,0.06878786912581276
2018-01-27,4,362.73364,0.07130787271580707
2018-01-27,5,348.50742,0.069627871109757
2018-01-27,6,339.97168,0.0686198692013916
2018-01-27,7,314.53387,0.06561586942812808
2018-01-27,8,312.70474,0.06539986395811044
2018-01-27,9,262.1678,0.05943185978238021
2018-01-27,10,309.58853,0.06503186474224078
2018-01-27,11,366.66272,0.07177186530908197
2018-01-27,12,318.49686,0.06608386651834322
2018-01-27,13,299.7318,0.06386786459108312
2018-01-27,14,339.59906,0.06857586579089701
2018-01-27,15,350.1671,0.06982386590426524
2018-01-27,16,348.16867,0.06958786747252592
2018-02-01,1,324.15347,0.06675186644276439
2018-02-01,2,349.01547,0.06968786770870974
2018-02-01,3,324.6954,0.06681586399589985
2018-02-01,4,348.50742,0.069627871109757
2018-02-01,5,357.11087,0.07064386902189189
2018-02-01,6,367.71277,0.07189586772760446
2018-02-01,7,330.45367,0.06749586914470748
2018-02-01,8,341.15723,0.06875987307480652
2018-02-01,9,302.54315,0.06419986230482358
2018-02-01,10,336.27966,0.06818387147820378
2018-02-01,11,306.67554,0.06468786416595221
2018-02-01,12,297.4285,0.06359586347629541
2018-02-01,13,314.97418,0.0656678664805538
2018-02-01,14,344.71375,0.0691798693431019
2018-02-01,15,384.7504,0.0739078741329101
2018-02-01,16,340.92007,0.06873186639552763
2018-02-21,1,464.31558,0.08330387884713947
2018-02-21,2,483.04678,0.08551588218205523
2018-02-21,3,469.56573,0.08392387913056006
2018-02-21,4,461.77524,0.08300388522410303
2018-02-21,5,466.9576,0.08361588005640071
2018-02-21,6,437.0487,0.08008388068937337
2018-02-21,7,438.77618,0.08028788211592375
2018-02-21,8,440.80847,0.08052787914000742
2018-02-21,9,416.35294,0.07763987869598181
2018-02-21,10,427.0903,0.07890787413291009
2018-02-21,11,447.5151,0.08131987794019353
2018-02-21,12,448.19257,0.08139988167189814
2018-02-21,13,469.43027,0.08390788239934435
2018-02-21,14,470.88675,0.08407988091610986
2018-02-21,15,504.55548,0.0880558858192863
2018-02-21,16,483.9952,0.0856278829189488
2018-02-26,1,221.89404,0.054675854217889036
2018-02-26,2,228.36357,0.05543985342431135
2018-02-26,4,211.58282,0.053458182470908056
2018-02-26,5,151.44037,0.046355845195666504
2018-02-26,6,149.91614,0.046175845951454776
2018-02-26,7,137.01093,0.04465184495003531
2018-02-26,8,135.55443,0.04447984407143144
2018-02-26,9,119.09264,0.0425358397162015
2018-02-26,10,133.55598,0.04424384327785375
2018-02-26,11,159.40027,0.0472958450539562
2018-02-26,12,141.54976,0.04518784409032615
2018-02-26,13,164.34558,0.04787984619708597
2018-02-26,14,156.75826,0.04698384502561414
2018-02-26,15,161.26323,0.04751584557356064
2018-02-26,16,155.03078,0.046779843599063765
2018-12-03,1,259.99997,0.0591758565797274
2018-12-03,2,242.7253,0.05713585766617304
2018-12-03,3,216.339,0.054019848889581695
2018-12-03,4,245.02858,0.05740785641912239
2018-12-03,5,273.27777,0.06074385744888391
2018-12-03,6,268.2986,0.06015585771340981
2018-12-03,7,228.16034,0.055415853603811065
2018-12-03,8,271.04224,0.060479859423380786
2018-12-03,9,192.79803,0.051239850590105315
2018-12-03,10,219.65848,0.05441185264962836
2018-12-03,11,283.56717,0.06195895243021358
2018-12-03,12,280.9667,0.06165185794014629
2018-12-03,13,243.67369,0.057247854860309075
2018-12-03,14,282.11414,0.06178736133056527
2018-12-03,15,290.28152,0.06275186290000685
2018-12-03,16,247.73833,0.05772785599399149
2018-12-13,1,293.77032,0.06316386198361357
2018-12-13,2,326.59225,0.06703986665060616
2018-12-13,3,299.42694,0.06383186308895392
2018-12-13,4,293.05902,0.06307986320232216
2018-12-13,5,292.14447,0.06297186223869211
2018-12-13,6,257.89993,0.05892785882819751
2018-12-13,7,268.9083,0.06022785835582984
2018-12-13,8,317.07425,0.06591586777484124
2018-12-13,9,257.39185,0.058867858686487216
2018-12-13,10,256.1047,0.058715856674200935
2018-12-13,11,317.07425,0.06591586777484124
2018-12-13,12,298.41077,0.06371186162461413
2018-12-13,13,311.8241,0.06529586749142062
2018-12-13,14,354.46887,0.070331870174469
2018-12-13,15,326.99872,0.06708786747252592
2018-12-13,16,286.89432,0.06235186195527151
2018-12-18,1,278.9005,0.06140785641912239
2018-12-18,2,239.33809,0.05673585554051852
2018-12-18,3,329.74234,0.06741186682065854
2018-12-18,4,238.99937,0.05669585544604499
2018-12-18,5,284.4894,0.062067860339774066
2018-12-18,6,278.59567,0.06137185845975073
2018-12-18,7,249.02545,0.05787985446352023
2018-12-18,8,267.3841,0.060047862654375665
2018-12-18,9,237.8816,0.05656385584283383
2018-12-18,10,279.34088,0.06145986173798238
2018-12-18,11,323.27277,0.06664786289055949
2018-12-18,12,296.07364,0.06343586546023963
2018-12-18,13,325.16962,0.06687186554526582
2018-12-18,14,308.97882,0.06495986291890156
2018-12-18,15,328.82782,0.06730386939978603
2018-12-18,16,286.01364,0.06224786076490498
2018-12-23,1,302.50925,0.06419585898880252
2018-12-23,2,264.67432,0.05972785953674903
2018-12-23,3,261.05002,0.05929985899824988
2018-12-23,4,256.6805,0.058783854000599906
2018-12-23,5,279.98447,0.061535864515504295
2018-12-23,6,244.08014,0.05729585332039046
2018-12-23,7,213.697,0.05370785004215882
2018-12-23,8,268.53574,0.06018386203085033
2018-12-23,9,242.52203,0.05711185312199604
2018-12-23,10,233.71533,0.05607185302752251
2018-12-23,11,257.56122,0.05888785991464316
2018-12-23,12,271.88904,0.060579859659564625
2018-12-23,13,260.03384,0.05917985635299091
2018-12-23,14,248.85611,0.05785985677812182
2018-12-23,15,284.1168,0.06202385929111784
2018-12-23,16,258.78058,0.05903185647580651
2018-12-28,1,223.0118,0.054807852640181016
2018-12-28,2,224.807,0.05501985125142005
2018-12-28,3,206.38068,0.05284385178047185
2018-12-28,4,206.821,0.052895850013816754
2018-12-28,5,195.67712,0.05157984785037281
2018-12-28,6,219.8617,0.054435851289209476
2018-12-28,7,220.74237,0.05453985129865682
2018-12-28,8,155.47113,0.046831845375166214
2018-12-28,9,151.00003,0.046303844600483236
2018-12-28,10,198.25139,0.05188384833218784
2018-12-28,11,215.01802,0.05386385182770862
2018-12-28,12,252.64977,0.05830785736385774
2018-12-28,13,248.8561,0.05785985559720264
2018-12-28,14,231.75078,0.05583985554996587
2018-12-28,15,262.64197,0.05948785542715029
2018-12-28,16,227.88936,0.05538385305586457
2019-01-02,1,287.63953,0.062439865233503145
2019-01-02,2,285.60718,0.0621998611239044
2019-01-02,3,229.10876,0.05552785434070463
2019-01-02,4,276.2924,0.06109986088772056
2019-01-02,5,248.92384,0.05786785514372968
2019-01-02,6,246.04472,0.057527854340704634
2019-01-02,7,241.70912,0.05701585502091408
2019-01-02,8,211.4276,0.05343985224339217
2019-01-02,9,233.71533,0.05607185302752251
2019-01-02,10,220.60689,0.054523852205602755
2019-01-02,11,216.27127,0.054011850523973844
2019-01-02,12,251.09167,0.05812385834638249
2019-01-02,13,262.5065,0.05947185751501539
2019-01-02,14,258.78058,0.05903185647580651
2019-01-02,15,261.35486,0.05933585813854071
2019-01-02,16,256.1047,0.058715856674200935
2019-01-07,1,170.7135,0.04863184608371772
2019-01-07,2,135.31732,0.044451843296748464
2019-01-07,3,130.88008,0.04392784111440981
2019-01-07,4,128.6784,0.043667840500331845
2019-01-07,5,121.93789,0.04287184074596303
2019-01-07,8,169.59572,0.04849984529958739
2019-01-07,9,134.33502,0.044335841605672194
2019-01-07,11,190.51872,0.05097068250043104
2019-01-07,12,161.42412,0.04753484538225173
2019-01-07,13,200.08049,0.052099850259447945
2019-01-07,14,150.4242,0.04623584373132672
2019-01-07,15,147.57898,0.04589984624432274
2019-01-07,16,179.68959,0.04969184976818557
2019-01-17,1,256.07083,0.05871185690093742
2019-01-17,2,261.82907,0.059391858506987506
2019-01-17,3,227.38129,0.05532385409507345
2019-01-17,4,260.20322,0.05919985876206604
2019-01-17,5,217.18582,0.05411985148760389
2019-01-17,6,213.62926,0.05369985049563178
2019-01-17,7,214.67929,0.0538238505523159
2019-01-17,8,220.57301,0.05451985125142005
2019-01-17,9,196.45619,0.0516718497209488
2019-01-17,10,202.75636,0.05241584888013434
2019-01-17,11,244.31726,0.057323855275992625
2019-01-17,12,242.79303,0.0571438560317809
2019-01-17,13,229.7862,0.05560785452965171
2019-01-17,14,277.07147,0.06119186275829655
2019-01-17,15,261.8629,0.0593958535565743
2019-01-17,16,248.2464,0.05778785495478261
2019-01-22,1,238.25418,0.056607854529651704
2019-01-22,2,224.97636,0.05503985129865683
2019-01-22,3,234.69762,0.05618785353767959
2019-01-22,4,225.45056,0.055095850486184435
2019-01-22,5,194.45775,0.05143585010829029
2019-01-22,6,202.82414,0.052423853150338096
2019-01-22,7,195.60939,0.05157184948476496
2019-01-22,8,191.30766,0.051063849938237926
2019-01-22,9,194.35614,0.05142385078849974
2019-01-22,10,231.51366,0.05581185359436371
2019-01-22,11,206.78712,0.05289184905963406
2019-01-22,12,163.2278,0.04774784541295563
2019-01-22,13,219.21814,0.054359852054445094
2019-01-22,14,249.80453,0.05797185751501539
2019-01-22,15,245.19794,0.05742785646635916
2019-01-22,16,269.8906,0.06034386004690611
2019-01-27,1,260.3726,0.05921986117114116
2019-01-27,2,173.25389,0.04893184561135005
2019-01-27,3,127.39128,0.043515842030803095
2019-01-27,4,154.82756,0.046755844959482665
2019-01-27,5,132.98016,0.04417584358961641
2019-01-27,6,122.88631,0.0429838414828566
2019-01-27,7,86.6772,0.038707838232967015
2019-01-27,8,98.73562,0.040131840179121823
2019-01-27,9,117.80551,0.04238384006575358
2019-01-27,10,94.46774,0.039627838044019946
2019-01-27,11,78.005974,0.03768383652299604
2019-01-27,12,114.89253,0.0420398406703842
2019-01-27,13,111.6747,0.0416598409538048
2019-01-27,14,112.555374,0.04176384143561983
2019-01-27,15,135.92702,0.04452384393916849
2019-01-27,16,131.42204,0.04399184221030281
2019-02-01,1,122.00564,0.042879841473409244
2019-02-01,2,144.6321,0.0455518435329323
2019-02-01,3,94.399994,0.0396198377889414
2019-02-01,4,141.71912,0.045207844137562916
2019-02-01,5,71.19771,0.03687983556881334
2019-02-01,6,77.938225,0.03767583591364174
2019-02-01,7,119.63459,0.04259983963117533
2019-02-01,8,52.229416,0.034639833348685284
2019-02-01,10,109.47301,0.041399839158807655
2019-02-01,11,82.036736,0.03815983693867959
2019-02-01,12,97.00815,0.03992783993349064
2019-02-01,13,97.719444,0.04001183800623053
2019-02-01,14,37.76609,0.032931831440319886
2019-02-01,15,70.486404,0.03679583607897043
2019-02-01,16,72.48484,0.03703183521926126
2019-02-06,1,257.6628,0.058899855691676176
2019-02-06,2,230.8701,0.05573585435959934
2019-02-06,3,220.36978,0.05449585143091978
2019-02-06,4,220.74239,0.054539853660495186
2019-02-06,5,216.03418,0.05398385211112922
2019-02-06,6,168.98604,0.04842784701900572
2019-02-06,7,112.081154,0.041707839886253865
2019-02-06,8,162.82133,0.047699844591035885
2019-02-06,9,151.81294,0.04639984270156519
2019-02-06,10,138.73839,0.04485584401474732
2019-02-06,11,183.11063,0.050095846943426885
2019-02-06,12,152.21942,0.04644784470440413
2019-02-06,13,202.587,0.05239584883289758
2019-02-06,14,186.70105,0.05051984652774334
2019-02-06,15,119.90558,0.04263184136004101
2019-02-06,16,137.48512,0.044707842956643734
2019-02-11,1,308.674,0.06492386614044908
2019-02-11,2,322.29053,0.06653186828499831
2019-02-11,3,296.07364,0.06343586546023963
2019-02-11,4,293.0929,0.06308386415650487
2019-02-11,5,260.50806,0.059235857902356887
2019-02-11,6,246.34956,0.05756385348099547
2019-02-11,7,248.51738,0.05781985550272911
2019-02-11,8,294.9558,0.06330385759059422
2019-02-11,9,215.01802,0.05386385182770862
2019-02-11,10,256.9515,0.058815856910384774
2019-02-11,11,289.97665,0.06271586021695848
2019-02-11,12,293.4316,0.06312386188914004
2019-02-11,13,315.1774,0.0656918651201349
2019-02-11,14,333.60376,0.06786786931475984
2019-02-11,15,340.17493,0.06864387138373025
2019-02-11,16,330.96173,0.06755586692457942
2019-02-21,1,380.95676,0.07345987590901254
2019-02-21,2,368.89832,0.07203587160101937
2019-02-21,3,372.38715,0.07244787422738364
2019-02-21,4,350.94617,0.06991586777484123
2019-02-21,5,341.02173,0.06874387161991408
2019-02-21,6,337.93933,0.06837986509179285
2019-02-21,7,318.97107,0.06613986688679
2019-02-21,8,340.14102,0.06863986688679001
2019-02-21,9,287.4024,0.0624118620969818
2019-02-21,10,371.1,0.07229587221509735
2019-02-21,11,374.01297,0.07263987042954755
2019-02-21,12,364.224,0.07148387218675528
2019-02-21,13,397.14755,0.07537187735445762
2019-02-21,14,390.5425,0.07459187433130453
2019-02-21,15,407.03812,0.07653987373612124
2019-02-21,16,357.38184,0.0706758683889192
2019-02-26,1,451.1733,0.08175188179471374
2019-02-26,2,453.3411,0.08200788145460901
2019-02-26,3,433.45828,0.07965988110505694
2019-02-26,4,396.06363,0.07524387516267163
2019-02-26,5,380.21155,0.0733718726307809
2019-02-26,6,359.92224,0.07097586909747071
2019-02-26,7,351.6914,0.07000387341491122
2019-02-26,8,349.79456,0.06977987194112409
2019-02-26,9,359.7529,0.0709558714120723
2019-02-26,10,341.32657,0.06877987076020492
2019-02-26,11,412.0173,0.07712787465251454
2019-02-26,12,415.13354,0.07749587741114174
2019-02-26,13,449.6152,0.08156788277723849
2019-02-26,14,414.65933,0.07743987704269495
2019-02-26,15,445.51663,0.08108387478477748
2019-02-26,16,413.98187,0.07735987449190952
2019-03-03,1,756.49506,0.11780791404797838
2019-03-03,2,798.29315,0.12274393066587308
2019-03-03,3,781.7635,0.12079191259308597
2019-03-03,4,787.2508,0.12143991837486626
2019-03-03,5,778.24084,0.12037591491713491
2019-03-03,6,806.82874,0.1237519148604508
2019-03-03,7,821.05505,0.1254319270947735
2019-03-03,8,814.5445,0.12466308375787377
2019-03-03,10,779.6758,0.12054537209582451
2019-03-03,11,782.0195,0.12082214412410044
2019-03-03,12,812.38385,0.1244079284551924
2019-03-03,13,741.25275,0.11600792042494197
2019-03-03,14,742.0656,0.11610391144050884
2019-03-03,15,750.6691,0.11711991525723962
2019-03-03,16,662.06006,0.10665590376925785
2019-03-08,1,520.1705,0.08989989348108994
2019-03-08,2,550.5816,0.09349119860934958
2019-03-08,3,538.93555,0.09211589422743087
2019-03-08,4,488.8389,0.08619988474228801
2019-03-08,5,524.6754,0.09043188576260218
2019-03-08,6,527.55457,0.09077189247022313
2019-03-08,7,495.85043,0.08702788976828005
2019-03-08,8,502.01508,0.0877558851107348
2019-03-08,9,524.3367,0.090391888029967
2019-03-08,10,515.12354,0.08930388829449291
2019-03-08,11,542.1534,0.09249589630584863
2019-03-08,12,565.4573,0.09524789855431876
2019-03-08,13,583.8497,0.09741989234740753
2019-03-08,14,581.5803,0.09715189454864089
2019-03-08,15,635.8643,0.10356239622672704
2019-03-08,16,541.5663,0.09242656454077595
2019-03-13,1,611.7264,0.10071190531862381
2019-03-13,2,630.7624,0.1029599030701537
2019-03-13,3,647.5968,0.10494790965495905
2019-03-13,4,564.4411,0.09512789354722143
2019-03-13,5,533.68536,0.09149588922033354
2019-03-13,6,609.4908,0.10044789902668642
2019-03-13,7,557.4635,0.09430389538000798
2019-03-13,8,608.0682,0.10027990146410361
2019-03-13,9,561.49426,0.09477989555950771
2019-03-13,10,638.75616,0.10390390152078773
2019-03-13,11,686.5156,0.10954390539420264
2019-03-13,12,672.01843,0.10783190678296359
2019-03-13,13,680.2832,0.10880790932430166
2019-03-13,14,659.35034,0.10633590773714628
2019-03-13,15,735.4268,0.11531992281512238
2019-03-13,16,617.8572,0.10143590324965342
2019-03-18,1,859.2626,0.12994392995732157
2019-03-18,2,836.3652,0.12723993207352874
2019-03-18,3,806.49005,0.12371191830873479
2019-03-18,4,853.9109,0.12931193743962552
2019-03-18,5,873.48883,0.13162393274429085
2019-03-18,6,892.4571,0.1338639321302129
2019-03-18,7,862.7852,0.13035992054775755
2019-03-18,8,928.4969,0.1381199412374616
2019-03-18,9,914.8803,0.13651193082647808
2019-03-18,10,919.3514,0.13703993160116107
2019-03-18,11,946.2457,0.1402159310721093
2019-03-18,12,853.6399,0.12927993452984066
2019-03-18,13,852.556,0.129151934699893
2019-03-18,14,909.25757,0.1358479318562396
2019-03-18,15,916.70935,0.1367279268491423
2019-03-18,16,933.71313,0.1387359358430228
2019-04-12,7,1175.3436,0.1672705414986809
2019-05-22,2,1324.4956,0.18488418725599257
2019-05-22,3,1289.2332,0.18071998280581672
2019-05-22,4,1491.4487,0.20459999905526466
2019-05-22,5,1116.7604,0.1603523390466203
2019-05-22,7,882.3633,0.13267193592804896
2019-05-22,8,1167.6328,0.16635995833717132
2019-05-22,11,1281.5837,0.1798166386788821
2019-05-22,12,1208.2792,0.17115996967399544
2019-06-16,4,965.6883,0.14251194499750827
2019-06-16,5,869.2887,0.1311279313366352
2019-06-16,6,889.8829,0.13355993991483212
2019-06-16,7,945.0263,0.1400719297872692
2019-06-16,8,754.59827,0.11758391847878716
2019-06-16,9,821.8679,0.12552791811034036
2019-06-16,10,874.03076,0.13168793029742631
2019-06-16,11,879.58575,0.13234392972113773
2019-06-16,12,873.2855,0.13159992111459876
2019-06-16,13,938.65845,0.13931993816707172
2019-06-16,14,994.54724,0.14591995257428572
2019-06-16,15,959.5236,0.1417839437504576
2019-06-16,16,916.31836,0.13668175409011357
2019-06-26,2,773.5172,0.11981809120947381
2019-06-26,3,821.2582,0.1254559174679203
2019-06-26,4,763.3373,0.11861592729316792
2019-06-26,5,856.5279,0.12962098398909774
2019-06-26,6,755.2079,0.11765591085477294
2019-06-26,7,608.50854,0.10033190205928688
2019-06-26,8,806.35455,0.12369591685384236
2019-06-26,9,839.4813,0.12760791829928744
2019-06-26,10,765.16626,0.1188319126875595
2019-06-26,11,834.0619,0.12696793095874107
2019-06-26,12,901.39923,0.13491992541314457
2019-06-26,13,815.97424,0.12483192449675129
2019-06-26,14,872.47266,0.13150393127995108
2019-06-26,15,864.8854,0.13060793719399433
2019-06-26,16,863.245,0.1304142192116656
2019-07-16,8,265.284,0.0597998578173307
2019-07-16,9,534.83545,0.09163170555433528
2019-07-16,10,390.2339,0.0745554311654019
2019-07-16,11,719.1184,0.11339403257919835
2019-07-16,12,542.4992,0.09253673249110178
2019-07-16,13,485.80038,0.08584106008752974
2019-07-16,14,395.31848,0.07515587896995507
2019-07-16,15,347.72836,0.06953587042010019
2019-07-16,16,402.32993,0.07598387454859365
2019-07-21,10,909.8861,0.1359221561694761
2019-07-21,11,961.96234,0.14207193923462266
2019-07-21,12,988.5857,0.1452159428813011
2019-07-21,13,989.04297,0.1452699427726565
2019-07-21,14,1045.5582,0.1519439346809983
2019-07-21,15,1127.7317,0.16164796090685146
2019-07-31,1,824.9164,0.12588792132244053
2019-07-31,2,677.7089,0.1085039052997291
2019-07-31,3,877.9599,0.1321519299762163
2019-07-31,4,333.12952,0.06781186540355551
2019-07-31,5,335.2973,0.06806786270161243
2019-07-31,6,357.99158,0.07074787375501596
2019-07-31,7,268.197,0.060143859574538446
2019-07-31,8,268.46796,0.06017585776064658
2019-07-31,9,435.86316,0.07994387799687766
2019-07-31,10,319.78397,0.06623586380695277
2019-07-31,11,893.3377,0.13396792387322595
2019-07-31,12,1189.785,0.16897595412365168
2019-07-31,13,501.20218,0.08765988819057202
2019-07-31,14,784.9136,0.1211639139440575
2019-07-31,15,918.2675,0.13691193177121347
2019-07-31,16,372.69196,0.07248386982491693
2019-08-10,5,484.09683,0.08563988460057771
2019-08-10,6,248.14479,0.05777585563499205
2019-08-10,7,706.6356,0.11191991478487195
2019-08-10,8,104.764824,0.04084384044364772
2019-08-10,9,925.1774,0.13772793511557657
2019-08-10,10,781.59424,0.120771924355041
2019-08-10,11,1309.0822,0.1830639892867012
2019-08-10,12,1246.4868,0.17567197844113944
2019-11-08,1,296.41235,0.06347586437379399
2019-11-08,2,354.67212,0.07035587235680764
2019-11-08,3,271.65195,0.06055186124672
2019-11-08,4,276.36017,0.06110786397700514
2019-11-08,5,283.03293,0.061895863003927735
2019-11-08,6,251.80296,0.05820785594675472
2019-11-08,7,198.21754,0.051879850920762687
2019-11-08,9,225.2812,0.055075850438947666
2019-11-08,10,176.74274,0.049343850599552666
2019-11-08,11,105.00192,0.04087183956504385
2019-11-08,12,49.384167,0.03430383243701568
2019-11-08,13,76.549484,0.037511836825311354
2019-11-08,14,129.35585,0.04374784187019809
2019-11-08,15,126.61223,0.04342384252206547
2019-11-08,16,145.8515,0.04569584481777236
2019-12-03,1,295.53168,0.06337186436434664
2019-12-03,2,259.08542,0.05906785561609735
2019-12-03,3,271.48257,0.06053185883764488
2019-12-03,4,254.74982,0.0585558562963068
2019-12-03,5,242.14943,0.0570678520733398
2019-12-03,6,226.36511,0.055203851449814476
2019-12-03,7,243.94469,0.05727985777009394
2019-12-03,8,298.78336,0.0637558614923512
2019-12-03,9,251.36261,0.05815585417065227
2019-12-03,10,307.79333,0.06481986613100173
2019-12-03,11,292.78806,0.06304786501621402
2019-12-03,12,309.04657,0.06496786364634777
2019-12-03,13,303.0174,0.0642558673969471
2019-12-03,14,327.57452,0.0671558647989249
2019-12-03,15,278.8328,0.06139986159627208
2019-12-03,16,310.1982,0.06510386184190327
2019-12-13,1,293.77032,0.06316386198361357
2019-12-13,2,256.78214,0.05879585686314801
2019-12-13,3,224.53604,0.05498785306531192
2019-12-13,4,237.30576,0.056495853792758136
2019-12-13,5,204.4161,0.05261185076015768
2019-12-13,6,226.09416,0.05517185444462552
2019-12-13,7,206.27907,0.05283185246068129
2019-12-13,8,227.7539,0.05536785632464885
2019-12-13,9,149.98387,0.04618384431706263
2019-12-13,10,147.98541,0.04594784234256576
2019-12-13,11,153.74367,0.046627846310454205
2019-12-13,12,167.52953,0.048255844959482666
2019-12-13,13,172.0684,0.04879184882345022
2019-12-13,14,193.61096,0.051335851053025634
2019-12-13,15,187.8866,0.050659850401158245
2019-12-13,16,186.32846,0.050475846660006284
2020-01-02,1,350.03165,0.06980787035396872
2020-01-02,2,403.54935,0.07612787819527207
2020-01-02,3,390.2715,0.07455987142151965
2020-01-02,4,386.47784,0.07411187083578374
2020-01-02,5,369.10156,0.07205987260243883
2020-01-02,6,341.733,0.06882786685844794
2020-01-02,7,351.86075,0.07002387228122882
2020-01-02,8,355.7899,0.07048787314093799
2020-01-02,9,358.36414,0.07079187007999548
2020-01-02,10,358.4996,0.07080786681121118
2020-01-02,11,396.87656,0.07533987562559194
2020-01-02,12,381.56644,0.07353187418959421
2020-01-02,13,396.77493,0.07532787394396302
2020-01-02,14,378.28082,0.07314386902189188
2020-01-02,15,349.76065,0.06977586744418385
2020-01-02,16,375.36786,0.07279987198836087
2020-01-07,1,193.10287,0.05127584973039615
2020-01-07,2,251.46426,0.058167858214119544
2020-01-07,3,209.02267,0.053155849446975545
2020-01-07,4,203.33218,0.05248384856837168
2020-01-07,5,187.81885,0.050651849673712036
2020-01-07,6,218.71005,0.05429985073181562
2020-01-07,7,182.4332,0.050015847935399
2020-01-07,8,187.10751,0.0505678461687439
2020-01-07,9,232.1911,0.05589185378331078
2020-01-07,10,233.20726,0.056011854066731384
2020-01-07,11,216.40678,0.05402785315978545
2020-01-07,12,207.60005,0.052987849522554385
2020-01-07,13,208.98882,0.053151852035550395
2020-01-07,14,203.70479,0.0525278507979471
2020-01-07,15,236.49283,0.05639985332983782
2020-01-07,16,251.90457,0.05821985526654527
2020-01-12,1,284.45554,0.06206386174742973
2020-01-12,2,295.59943,0.06337986509179286
2020-01-12,3,264.3356,0.0596878594422755
2020-01-12,4,280.628,0.06161186020751112
2020-01-12,5,264.2001,0.059671857987383066
2020-01-12,6,248.2464,0.05778785495478261
2020-01-12,7,249.60127,0.057947854151757565
2020-01-12,8,252.7175,0.05831585572946559
2020-01-12,9,230.12491,0.05564785344320606
2020-01-12,10,300.61246,0.0639718634196113
2020-01-12,11,285.50558,0.06218786298503304
2020-01-12,12,275.17462,0.06096786010359024
2020-01-12,13,292.14447,0.06297186223869211
2020-01-12,14,277.57953,0.061251860538168494
2020-01-12,15,300.6802,0.06397986296613833
2020-01-12,16,264.40332,0.059695856626964174
2020-01-17,1,303.89804,0.0643598638636369
2020-01-17,2,325.03415,0.06685586763313092
2020-01-17,3,289.53632,0.06266386080269438
2020-01-17,4,257.73053,0.05890785405728403
2020-01-17,5,271.34708,0.06051585856367163
2020-01-17,6,236.79767,0.05643585247012865
2020-01-17,7,245.8415,0.057503855701123534
2020-01-17,8,249.60127,0.057947854151757565
2020-01-17,9,255.3595,0.05862785457688847
2020-01-17,10,238.32193,0.05661585525709791
2020-01-17,11,276.1569,0.06108385943282814
2020-01-17,12,291.09445,0.06284786336292716
2020-01-17,13,302.81415,0.06423186521460844
2020-01-17,14,284.0152,0.06201186115224646
2020-01-17,15,287.60562,0.06243586073656291
2020-01-17,16,301.93347,0.0641278640242419
2020-02-01,1,268.2986,0.06015585771340981
2020-02-01,2,273.3794,0.060755859130512825
2020-02-01,3,269.07767,0.0602478595839858
2020-02-01,4,254.91917,0.05857585516262439
2020-02-01,5,229.51521,0.05557585280078602
2020-02-01,6,209.8356,0.05325184990989587
2020-02-01,7,196.15135,0.05163585058065796
2020-02-01,8,220.97949,0.05456785325425898
2020-02-01,9,197.032,0.05173984822826696
2020-02-01,10,197.47237,0.051791852366207765
2020-02-01,11,248.88995,0.0578638530086278
2020-02-01,12,254.88531,0.05857185657028005
2020-02-01,13,243.77531,0.05725985536101881
2020-02-01,14,260.64355,0.059251858176330136
2020-02-01,15,213.39217,0.05367185208278716
2020-02-01,16,249.39804,0.05792385433125728
2020-02-06,1,183.07678,0.050091849532001735
2020-02-06,2,200.85953,0.05219184858726639
2020-02-06,3,194.66098,0.05145984992879058
2020-02-06,4,187.31076,0.05059184835108255
2020-02-06,5,180.23152,0.04975584732132102
2020-02-06,6,79.157616,0.037819836135654546
2020-02-06,7,86.71107,0.03871183800623053
2020-02-06,8,83.89969,0.03837983674973252
2020-02-06,9,127.08643,0.04347984170959308
2020-02-06,10,187.78497,0.05064784871952933
2020-02-06,11,159.53577,0.04731184650884863
2020-02-06,12,159.26479,0.04727984596090213
2020-02-06,13,203.56929,0.05251184934305466
2020-02-06,14,190.12212,0.0509238472457422
2020-02-06,15,173.59262,0.04897184688674277
2020-02-06,16,218.67621,0.054295854501309644
2020-02-11,1,253.05623,0.058355857004858305
2020-02-11,2,243.67369,0.057247854860309075
2020-02-11,3,248.14479,0.05777585563499205
2020-02-11,4,255.83371,0.058683854945335255
2020-02-11,5,214.98415,0.0538598520544451
2020-02-11,6,197.303,0.05177185113805182
2020-02-11,7,197.7433,0.05182384700955836
2020-02-11,8,158.21475,0.04715584472329883
2020-02-11,9,178.63953,0.049567846168743906
2020-02-11,10,225.2812,0.055075850438947666
2020-02-11,11,224.67154,0.05500385452020434
2020-02-11,12,218.64232,0.05429185236620777
2020-02-11,13,230.87007,0.0557358508168418
2020-02-11,14,213.3583,0.053667852309523645
2020-02-11,15,265.25012,0.059795856863148
2020-02-11,16,209.02269,0.053155851808813916
2020-02-16,1,229.7862,0.05560785452965171
2020-02-16,2,228.4652,0.055451855105940265
2020-02-16,3,242.52205,0.0571118554838344
2020-02-16,4,228.73618,0.05548385565388676
2020-02-16,5,208.34526,0.05307585280078602
2020-02-16,6,184.19453,0.05022384677337453
2020-02-16,7,169.76508,0.04851984534682416
2020-02-16,8,168.17311,0.04833184655608539
2020-02-16,9,199.74178,0.05205985134589359
2020-02-16,10,183.28,0.050115848171582836
2020-02-16,11,212.95184,0.05361985266852307
2020-02-16,12,218.4052,0.0542638504106056
2020-02-16,13,222.87631,0.05479185236620777
2020-02-16,14,237.06865,0.056467853018075144
2020-02-16,15,250.10938,0.05800785783622541
2020-02-16,16,222.16502,0.05470785476583554
2020-02-21,13,304.74484,0.06445986409982074
2020-02-21,14,299.42694,0.06383186308895392
2020-02-21,15,292.04288,0.06295986528073992
2020-02-21,16,231.31042,0.05578785259294425
2020-03-02,1,354.5705,0.0703438718560979
2020-03-02,2,341.76688,0.06883186781263065
2020-03-02,3,377.29855,0.07302787087357315
2020-03-02,4,316.1597,0.06580786681121117
2020-03-02,5,358.4319,0.07079987198836085
2020-03-02,6,329.0988,0.06733586994773252
2020-03-02,7,308.50464,0.06490386609321232
2020-03-02,8,324.9664,0.06684786690568471
2020-03-02,9,360.0577,0.07099186582868641
2020-03-02,10,331.33435,0.06759987033507402
2020-03-02,11,390.44086,0.07457987146875641
2020-03-02,12,402.838,0.07604387350938477
2020-03-02,13,416.69165,0.07767987760953617
2020-03-02,14,393.48935,0.07493987349993741
2020-03-02,15,421.36603,0.07823188410931534
2020-03-02,16,372.69196,0.07248386982491693
2020-03-12,1,767.2664,0.11907992224828118
2020-03-12,2,796.735,0.12255992574380195
2020-03-12,3,811.09674,0.12425593116658282
2020-03-12,4,709.88727,0.11230391073195733
2020-03-12,5,736.0363,0.11539189983915882
2020-03-12,6,777.83435,0.1203279117333768
2020-03-12,7,753.9208,0.11750391474708255
2020-03-12,8,811.3677,0.12428792935269095
2020-03-12,9,786.5056,0.12135191627755379
2020-03-12,10,789.96063,0.1217599273970888
2020-03-12,11,834.5361,0.12702393014626864
2020-03-12,12,864.6144,0.13057593428420947
2020-03-12,13,843.1395,0.12803992215380763
2020-03-12,14,821.39374,0.12547192364648949
2020-03-12,15,827.21967,0.1261599188944707
2020-03-12,16,863.3273,0.1304239381765191
2020-03-17,1,757.308,0.11790391569181789
2020-03-17,2,736.1719,0.11540791310324305
2020-03-17,3,715.44226,0.11295991015566878
2020-03-17,4,681.2994,0.10892791433139899
2020-03-17,5,737.86554,0.11560791829928745
2020-03-17,6,709.61633,0.11227191490768755
2020-03-17,7,662.9408,0.10675991204513946
2020-03-17,8,710.70026,0.11239991828039272
2020-03-17,9,756.83374,0.11784790941877521
2020-03-17,10,765.505,0.1188719151438714
2020-03-17,11,826.8133,0.12611192988174275
2020-03-17,12,862.2434,0.13029593834657144
2020-03-17,13,819.7679,0.1252799250824872
2020-03-17,14,834.7394,0.1270479382332032
2020-03-17,16,41.01779,0.033315830930162806
2020-03-22,1,927.396,0.13798993384490751
2020-03-22,2,946.11035,0.14019994733100458
2020-03-22,4,856.89166,0.12966394110519863
2020-03-22,6,979.3932,0.1441303829248534
2020-03-22,7,940.6908,0.13955994227667048
2020-03-22,8,1012.16064,0.1479999527632328
2020-03-22,9,970.3418,0.14306148573803906
2020-03-22,10,991.1401,0.14551759687670496
2020-03-22,11,952.8846,0.14099993150668755
2020-03-22,12,1067.7888,0.15456918887385185
2020-03-22,13,977.1596,0.14386661281675203
2020-03-22,14,1052.323,0.15274280288805595
2020-03-22,15,1043.044,0.15164702798069907
2020-03-22,16,954.7194,0.14121660655788038
2020-03-27,1,1031.2417,0.1502532717365889
2020-03-27,4,1001.7873,0.14677494514630407
2020-03-27,8,1070.2172,0.15485596328758452
2020-03-27,9,1274.3972,0.17896797110999318
2020-03-27,10,1212.2085,0.1716239882474923
2020-03-27,11,1212.0728,0.17160796317421628
2020-03-27,12,1226.7733,0.17334397341514743
2020-03-27,13,1142.7709,0.16342396888041777
2020-03-27,14,1167.9038,0.16639196124695618
2020-03-27,15,1251.703,0.1762879695039431
2020-03-27,16,1208.2792,0.17115996967399544
2020-04-06,10,788.8089,0.1216239173923415
2020-04-16,9,1335.5486,0.1861894572259264
2020-04-16,10,1171.4265,0.16680796364658396
2020-04-26,1,951.52985,0.14083994648074277
2020-04-26,6,1022.03986,0.14916660880162685
2020-04-26,8,1041.9679,0.15151994926771203
2020-04-26,9,1072.7914,0.1551599555029653
2020-04-26,10,1071.9106,0.1550559401415686
2020-04-26,11,1031.3999,0.15027195387802048
2020-04-26,12,1181.2494,0.1679679687481548
2020-04-26,14,1130.2383,0.1619439701085737
2020-04-26,15,1268.368,0.17825597131783494
2020-06-25,4,1047.1913,0.15213679059232543
2020-06-25,10,1101.0405,0.1584959459044542
2020-06-25,11,1053.5597,0.15288884716307785
2020-06-25,12,1041.968,0.15151996107690383
2020-07-10,1,1013.37994,0.14814394223888105
2020-07-10,2,1019.8156,0.14890394167203985
2020-07-10,4,919.5547,0.13706393968809563
2020-07-10,5,915.0837,0.13653595072260447
2020-07-10,7,812.7903,0.12445592691527378
2020-07-10,8,938.11646,0.13925593352842117
2020-07-10,9,765.7082,0.11889591142161414
2020-07-10,10,841.5136,0.12784791650429028
2020-07-10,11,931.6808,0.1384959340952624
2020-07-10,12,947.80383,0.14039993363234207
2020-07-10,13,958.10095,0.1416159402832789
2020-07-10,14,946.72,0.1402719420688287
2020-07-10,15,927.2774,0.1379759281434297
2020-07-10,16,974.82086,0.14359042652438953
2020-07-15,13,926.3516,0.13786659864572187
2020-07-15,14,873.48883,0.13162393274429085
2020-07-15,15,979.34717,0.14412494715386667
2020-07-15,16,842.42444,0.12795547934690446
2020-10-28,1,122.3105,0.042915842975538444
2020-10-28,2,94.2645,0.03960383704260048
2020-10-28,3,158.51959,0.04719184386358967
2020-10-28,5,170.78127,0.0486398491730023
2020-10-28,6,86.37235,0.038671837911757
2020-10-28,7,147.47734,0.04588784338177464
2020-10-28,8,146.49507,0.04577184523345591
2020-10-28,9,213.79863,0.05371985172378773
2020-10-28,10,182.3316,0.05000384979652763
2020-10-28,11,260.47418,0.05923185694817418
2020-10-28,12,202.89188,0.05243185269686513
2020-10-28,14,235.2057,0.05624785367938989
2020-10-28,16,315.07578,0.06567986461942518
2020-12-22,1,139.58519,0.04495584425093116
2020-12-22,8,175.33087,0.04917712016325027
2020-12-22,9,208.95494,0.05314785108136769
2020-12-22,10,154.21786,0.04668384431706263
2020-12-22,11,95.924225,0.03979983715124504
2020-12-22,13,180.33315,0.049767849002949935
2020-12-22,14,214.87932,0.053847472478678514
2020-12-22,15,179.58797,0.04967984926747584
2020-12-22,16,149.06932,0.04607584335343258
2020-12-27,1,152.01617,0.04642384252206548
2020-12-27,2,189.37695,0.05083584869118728
2020-12-27,3,174.16846,0.04903984893681847
2020-12-27,4,166.85211,0.04817584713237396
2020-12-27,5,160.28094,0.047399845063403556
2020-12-27,6,111.64081,0.04165583881870293
2020-12-27,7,139.95778,0.044999844118668204
2020-12-27,8,167.36017,0.0482358449122459
2020-12-27,11,152.89685,0.04652784371243201
2020-12-27,12,139.14484,0.044903842474828704
2020-12-27,13,154.63562,0.04673317839673689
2020-12-27,14,225.44917,0.055095686338418375
2020-12-27,16,195.88037,0.051603850032711465
2021-01-11,1,231.44592,0.05580385404783668
2021-01-11,2,219.25201,0.05436385182770862
2021-01-11,3,229.51523,0.05557585516262438
2021-01-11,4,216.27127,0.054011850523973844
2021-01-11,5,197.0659,0.05174385154428801
2021-01-11,6,194.25453,0.051411851468709184
2021-01-11,7,152.42265,0.04647184452490441
2021-01-11,8,148.76448,0.04603984421314174
2021-01-11,9,166.58113,0.048143846584427455
2021-01-11,10,207.93878,0.05302785079794709
2021-01-11,11,197.57396,0.051803849324159955
2021-01-11,12,198.99657,0.05197184806766195
2021-01-11,13,221.01334,0.054571850665684145
2021-01-11,14,403.14285,0.07607987383059478
2021-01-11,15,183.31387,0.05011984794484635
2021-01-11,16,200.82567,0.05218784999492205
2021-01-16,7,173.42328,0.04895184920134436
2021-01-16,8,144.1579,0.04549584434540469
2021-01-16,9,165.86983,0.048059847803136053
2021-01-16,10,155.53886,0.04683984374077407
2021-01-16,11,210.03885,0.05327585209223451
2021-01-16,12,227.38129,0.05532385409507345
2021-01-16,13,243.97856,0.05728385754335745
2021-01-16,14,216.30518,0.05401585502091408
2021-01-16,15,244.2834,0.057319856683648286
2021-01-16,16,258.17087,0.05895985465246729
2021-01-21,1,299.02048,0.06378386344795335
2021-01-21,2,288.45242,0.06253586097274674
2021-01-21,3,305.7271,0.06457586106722028
2021-01-21,4,246.92542,0.057631857892909526
2021-01-21,5,221.3521,0.0546118554838344
2021-01-21,6,227.41516,0.05532785386833696
2021-01-21,7,241.33652,0.05697185397225785
2021-01-21,8,209.9711,0.0532678513647883
2021-01-21,9,238.55902,0.05664385366994254
2021-01-21,10,270.12772,0.06037186200250827
2021-01-21,11,279.4086,0.06146785892267105
2021-01-21,12,259.1193,0.059071856570280044
2021-01-21,13,238.99936,0.05669585426512581
2021-01-21,14,266.19855,0.05990785878096075
2021-01-21,15,253.0901,0.058359856778121826
2021-01-21,16,288.45245,0.06253586451550429
2021-01-26,1,235.84927,0.05632385409507344
2021-01-26,2,247.12863,0.057655855351571444
2021-01-26,3,216.06805,0.053987851884392736
2021-01-26,4,233.57985,0.056055853934468436
2021-01-26,5,200.38533,0.05213584939973878
2021-01-26,6,193.74643,0.051351848965160526
2021-01-26,7,164.9214,0.0479478458853233
2021-01-26,8,216.67775,0.05405985252681277
2021-01-26,9,196.52394,0.051679850448395015
2021-01-26,10,225.17961,0.05506385348099547
2021-01-26,11,221.04724,0.054575853981705204
2021-01-26,12,176.70885,0.049339848464450796
2021-01-26,13,200.08049,0.052099850259447945
2021-01-26,14,148.8661,0.04605184471385147
2021-01-26,15,206.99039,0.05291585360381106
2021-01-26,16,200.52084,0.052151852035550395
2021-01-31,1,203.16283,0.052463849702054095
2021-01-31,2,221.52142,0.054631850807394446
2021-01-31,3,217.93102,0.05420785358491636
2021-01-31,4,185.54941,0.05038384715126866
2021-01-31,5,161.73746,0.04757184830384578
2021-01-31,6,125.59606,0.043303841057725695
2021-01-31,7,144.7337,0.04556384167180367
2021-01-31,8,150.72905,0.04627184405253673
2021-01-31,9,135.41893,0.044463842616539004
2021-01-31,10,162.7536,0.04769184622542803
2021-01-31,11,175.48946,0.049195848360529905
2021-01-31,12,149.37418,0.04611184485556177
2021-01-31,13,313.25516,0.06546486411162993
2021-01-31,14,116.95871,0.04228383982956975
2021-01-31,15,141.48203,0.045179845724718296
2021-01-31,16,163.02457,0.04772384559245535
2021-02-05,2,221.14885,0.05458785330149576
2021-02-05,3,269.82285,0.0603358593194599
2021-02-05,4,292.2461,0.06298386392032101
2021-02-05,5,190.22375,0.050935848927371116
2021-02-05,6,228.36357,0.05543985342431135
2021-02-05,7,145.54665,0.04565984449656235
2021-02-05,8,206.2113,0.05282384937139672
2021-02-05,9,192.12056,0.05115984685840071
2021-02-05,10,202.7564,0.05241585360381107
2021-02-05,11,240.21875,0.0568398543690467
2021-02-05,12,230.26039,0.055663852536260126
2021-02-05,13,226.26352,0.055191854491862286
2021-02-05,14,199.77562,0.05206384757639957
2021-02-05,15,220.03107,0.05445585251736542
2021-02-05,16,251.8707,0.05821585549328175
2021-02-10,1,317.85327,0.06600786374082131
2021-02-10,2,349.69293,0.06976787025949518
2021-02-10,3,334.51825,0.06797586319287481
2021-02-10,4,413.67703,0.07732387535161869
2021-02-10,7,398.0282,0.07547587500206661
2021-02-10,8,412.9319,0.07723588152074048
2021-02-25,1,507.2314,0.0883718903445686
2021-02-25,2,513.9719,0.08916788891801823
2021-02-25,3,493.8181,0.08678788802051965
2021-02-25,4,483.4194,0.08555988559254982
2021-02-25,5,484.3678,0.08567188396760503
2021-02-25,6,449.141,0.08151188358971088
2021-02-25,7,447.88773,0.0813638825316073
2021-02-25,8,450.63138,0.08168788542249746
2021-02-25,9,545.8793,0.09293589498321914
2021-02-25,10,479.1176,0.08505187777958852
2021-02-25,11,508.7895,0.08855588936204384
2021-02-25,12,491.1761,0.08647588917309679
2021-02-25,13,534.7354,0.09161989045793685
2021-02-25,14,544.52435,0.09277588633889075
2021-02-25,15,559.08936,0.09449589630584863
2021-02-25,16,541.1711,0.09237989461477236
2021-03-02,1,564.06854,0.0950838972222419
2021-03-02,2,551.8069,0.093635896636506
2021-03-02,3,550.04553,0.09342789307485375
2021-03-02,4,543.8131,0.09269189346219524
2021-03-02,5,502.92966,0.0878638896171224
2021-03-02,6,465.67047,0.08346388040595279
2021-03-02,7,462.35104,0.08307188255050202
2021-03-02,8,544.3889,0.09275989078859422
2021-03-02,9,541.7469,0.09244789194117134
2021-03-02,10,518.2737,0.08967589673097953
2021-03-02,11,526.5383,0.09065187919669156
2021-03-02,12,450.32654,0.08165188628220663
2021-03-02,13,519.32367,0.08979988970214857
2021-03-02,14,525.08185,0.09047988422268358
2021-03-02,15,561.9685,0.09483589947071203
2021-03-02,16,523.35443,0.09027588988164828
2021-03-07,6,654.4351,0.10575545761799156
2021-03-07,7,616.40063,0.10126389410461527
2021-03-07,8,718.42303,0.11331191500216109
2021-03-07,9,632.727,0.10319190645230622
2021-03-07,10,640.1788,0.10407190380704727
2021-03-07,11,641.05945,0.10417590145465624
2021-03-07,12,995.37854,0.1460181223857402
2021-03-07,13,663.4149,0.10681589942347526
2021-03-07,14,736.84937,0.11548791683494766
2021-03-07,15,707.7195,0.11204791461481961
2021-03-07,16,701.75806,0.11134391673102677
2021-03-12,1,820.98724,0.1254239192818122
2021-03-12,2,813.7386,0.12456791348113719
2021-03-12,3,875.1146,0.13181592304185888
2021-03-12,4,792.53485,0.12206392197430792
2021-03-12,5,852.8946,0.1291919206233364
2021-03-12,6,768.21466,0.11919190409046786
2021-03-12,7,825.3229,0.12593592568711784
2021-03-12,8,849.101,0.12874392712311555
2021-03-12,9,919.08044,0.13700793341505293
2021-03-12,10,867.39185,0.13090392868192885
2021-03-12,11,795.98975,0.12247191774189357
2021-03-12,12,813.67096,0.12455992574380195
2021-03-12,13,793.0768,0.12212792188928175
2021-03-12,14,822.34216,0.12558392438338306
2021-03-12,15,904.51556,0.13528793880004442
2021-03-12,16,906.1414,0.13547993736404668
2021-03-17,1,846.59454,0.1284479344542618
2021-03-17,2,739.0172,0.11574392003760048
2021-03-17,3,763.33716,0.1186159107602994
2021-03-17,4,738.4075,0.11567191939518044
2021-03-17,5,823.74786,0.12574992619255124
2021-03-17,6,742.0656,0.11610391144050884
2021-03-17,7,749.4497,0.11697591397239956
2021-03-17,8,829.3875,0.12641592209712352
2021-03-17,9,877.4858,0.1320959425978805
2021-03-17,10,841.51373,0.12784793185623963
2021-03-17,11,810.62244,0.12419992016986342
2021-03-17,12,853.0979,0.12921592871027093
2021-03-17,13,908.17377,0.1357199438354838
2021-03-17,14,838.3298,0.12747193545568128
2021-03-17,15,820.6485,0.1253839168255003
2021-03-17,16,876.6728,0.1319999338685259
2021-03-27,10,1069.1783,0.15473327759394803
2021-03-27,11,990.75354,0.1454719472648731
2021-03-27,12,1023.6093,0.1493519469814525
2021-03-27,13,1037.0,0.15093328042815404
2021-03-27,14,1004.37,0.14707994114298806
2021-03-27,15,1187.8882,0.1687519573735413
2021-03-27,16,1100.7356,0.15845993967864827
2021-05-21,9,1020.6286,0.14899995040139444
2021-05-21,10,1043.7292,0.15172794456293
2021-05-21,12,1070.1415,0.15484702372939
2021-05-21,14,1120.5508,0.16079995465270347
2021-06-05,2,663.5819,0.1068356207737855
2021-06-05,3,263.62427,0.05960385711822655
2021-06-05,4,179.38472,0.049655847085137185
2021-06-05,5,208.61621,0.05310784980597498
2021-06-05,6,157.9099,0.047119844402088815
2021-06-05,8,226.90709,0.05526785490754584
2021-06-05,9,319.24203,0.06617186507289814
2021-06-05,10,543.77924,0.0926878948698509
2021-06-05,13,660.95074,0.106524902042754
2021-06-05,14,601.19855,0.099468651319441
2021-06-05,15,390.16992,0.07454787564448664
2021-06-05,16,329.23425,0.06735186549802905
2021-07-05,11,525.1303,0.09048560577611191
2021-07-20,10,909.4862,0.13587493121145774
2021-07-20,11,762.99854,0.11857592247501766
2021-07-20,12,824.03,0.1257832446463029
2021-08-09,1,1062.4846,0.153942805722262
2021-08-29,3,494.0691,0.086817529091944
2021-11-12,1,199.16594,0.0519918492958179
2021-11-12,2,224.807,0.05501985125142005
2021-11-12,3,170.2393,0.04857584689619012
2021-11-12,4,298.54626,0.06372786189858738
2021-11-12,5,194.22064,0.051407849333607314
2021-11-12,6,163.26167,0.047751845186219145
2021-11-12,7,267.3163,0.06003985602233355
2021-11-12,8,250.14325,0.058011857609488925
2021-11-12,9,281.37317,0.061699858762066045
2021-11-12,10,179.07988,0.049619847944846356
2021-11-12,11,241.64134,0.05700785075071033
2021-11-12,12,203.7048,0.05252785197886627
2021-11-12,13,141.95622,0.04523584373132672
2021-11-12,14,158.14702,0.047147846357690974
2021-11-12,15,165.0569,0.047963847340215734
2021-11-12,16,156.65665,0.04697184570582359
2021-11-17,1,221.55531,0.05463585294249632
2021-11-17,2,172.03453,0.0487878490501867
2021-11-17,3,273.1423,0.06072785953674903
2021-11-17,4,293.9058,0.06317986107666763
2021-11-17,5,220.20042,0.05447585138368301
2021-11-17,6,365.274,0.07160786870068186
2021-11-17,7,232.73305,0.0559558536982846
2021-11-17,8,181.4509,0.049899846244322726
2021-11-17,9,243.70757,0.05725185581449177
2021-11-17,10,287.57178,0.062431864506056936
2021-11-17,11,377.5018,0.0730518730559118
2021-11-17,12,273.0746,0.06071986471389871
2021-11-17,13,289.7057,0.06268386321176951
2021-11-17,14,248.44965,0.05781185713712125
2021-11-17,15,188.835,0.050771848776213456
2021-11-17,16,170.91673,0.04865584590421801
2021-12-02,1,198.82722,0.051951849201344366
2021-12-02,2,163.66815,0.047799847189058074
2021-12-02,3,186.39621,0.0504838473874525
2021-12-02,4,179.04599,0.04961584580974447
2021-12-02,5,176.91206,0.04936384592311272
2021-12-02,6,121.802414,0.042855842125276634
2021-12-02,7,107.98264,0.04122383850694026
2021-12-02,8,132.91241,0.0441678428621702
2021-12-02,9,168.44408,0.04836384592311272
2021-12-02,10,157.06311,0.04701984534682415
2021-12-02,11,145.51276,0.04565584236146047
2021-12-02,12,163.93912,0.0478318465560854
2021-12-02,13,162.44875,0.04765584590421801
2021-12-02,14,144.0224,0.04547984289051226
2021-12-02,15,150.05162,0.04619184504450884
2021-12-02,16,152.99847,0.046539844213141744
2021-12-07,1,264.5727,0.05971585903603929
2021-12-07,2,268.02765,0.06012386070822086
2021-12-07,3,289.2315,0.06262786402424192
2021-12-07,4,264.91144,0.05975586149235119
2021-12-07,5,287.74112,0.06245186219145535
2021-12-07,6,231.92012,0.055859853235364285
2021-12-07,7,205.22902,0.05270785004215882
2021-12-07,8,259.96613,0.05917186034922143
2021-12-07,9,268.29858,0.060155855351571454
2021-12-07,10,216.30516,0.05401585265907572
2021-12-07,11,260.88065,0.05927985777009393
2021-12-07,12,189.34308,0.05083184891792376
2021-12-07,13,205.02579,0.05268385022165853
2021-12-07,14,262.57425,0.05947985824246161
2021-12-07,15,203.87415,0.05254785084518386
2021-12-07,16,175.86203,0.0492398458664286
2021-12-27,1,209.63237,0.05322785008939559
2021-12-27,2,236.188,0.05636385537046616
2021-12-27,3,218.23586,0.054243852725207195
2021-12-27,4,219.1165,0.05434784919189701
2021-12-27,5,173.762,0.04899184929581789
2021-12-27,6,233.98628,0.05610385003271146
2021-12-27,7,167.63115,0.048267845460192395
2021-12-27,8,195.91425,0.05160785098689416
2021-12-27,9,191.88348,0.05113184962647527
2021-12-27,10,263.59042,0.05959985970680139
2021-12-27,11,266.16467,0.059903857826778054
2021-12-27,12,212.81635,0.053603852394549824
2021-12-27,13,242.86076,0.057151854397388756
2021-12-27,14,243.4366,0.057219856447464454
2021-12-27,15,212.78246,0.05359985025944795
2021-12-27,16,223.5199,0.05486785514372968
2022-01-01,1,194.96582,0.05149584906908142
2022-01-01,2,256.51114,0.05876385395336314
2022-01-01,3,191.88348,0.05113184962647527
2022-01-01,4,230.93784,0.05574385390612637
2022-01-01,5,209.32755,0.05319185331094311
2022-01-01,6,205.12743,0.05269585308420663
2022-01-01,7,197.30296,0.05177184641437509
2022-01-01,8,208.2775,0.05306785089242063
2022-01-01,9,186.59947,0.05050785075071033
2022-01-01,10,192.8319,0.051243850363368836
2022-01-01,11,290.1799,0.06273986239929712
2022-01-01,12,209.76787,0.05324385154428801
2022-01-01,13,287.47012,0.06241985928167048
2022-01-01,14,241.13329,0.056947854151757564
2022-01-01,15,237.17027,0.05647985351878488
2022-01-01,16,214.03574,0.053747852498470715
2022-01-06,1,201.94344,0.05231984959813321
2022-01-06,2,202.55315,0.052391851421472416
2022-01-06,3,154.96304,0.04677184405253673
2022-01-06,4,167.02147,0.04819584717961072
2022-01-06,5,170.74736,0.04863584467606206
2022-01-06,6,151.47421,0.04635984142617248
2022-01-06,7,181.95898,0.049959846386033034
2022-01-06,8,231.64915,0.05582785386833696
2022-01-06,9,159.29865,0.04728384455324646
2022-01-06,10,231.27657,0.05578385518151909
2022-01-06,11,256.27405,0.05873585554051852
2022-01-06,12,216.0003,0.05397985115694653
2022-01-06,13,234.39278,0.056151854397388755
2022-01-06,14,162.34712,0.0476438442225891
2022-01-06,15,182.12836,0.04997984879510816
2022-01-06,16,164.44719,0.047891845516876516
2022-01-16,1,225.58607,0.055111853121996034
2022-01-16,2,208.27753,0.05306785443517817
2022-01-16,3,192.66252,0.05122384795429371
2022-01-16,4,192.08672,0.05115585062789473
2022-01-16,5,189.6818,0.05087184901239729
2022-01-16,6,206.95648,0.05291184910687082
2022-01-16,7,202.2483,0.052355851100262404
2022-01-16,8,168.5457,0.04837584642382245
2022-01-16,9,224.77315,0.055015853839994903
2022-01-16,10,199.23369,0.051999850023264106
2022-01-16,11,290.04443,0.06272386448716222
2022-01-16,12,235.81538,0.05631985195997157
2022-01-16,13,231.37819,0.05579585568222882
2022-01-16,14,294.2784,0.06322386212532387
2022-01-16,15,241.67525,0.05701185524765057
2022-01-16,16,231.85236,0.05585185132699889
2022-01-26,1,248.07703,0.05776785372662666
2022-01-26,2,243.23335,0.05719585426512581
2022-01-26,3,234.29117,0.0561398550775982
2022-01-26,4,234.32501,0.056143851308104176
2022-01-26,5,233.275,0.05601985361325842
2022-01-26,6,197.57399,0.051803852866917494
2022-01-26,7,236.89929,0.05644785297083838
2022-01-26,8,216.30516,0.05401585265907572
2022-01-26,9,260.64355,0.059251858176330136
2022-01-26,10,268.80667,0.06021585667420093
2022-01-26,11,283.37164,0.06193586191748209
2022-01-26,12,248.75447,0.057847853915573726
2022-01-26,13,293.49933,0.06313186025474789
2022-01-26,14,297.4285,0.06359586347629541
2022-01-26,15,325.27124,0.06688386604597554
2022-01-26,16,295.36227,0.06335185841251396
2022-01-31,1,198.89497,0.051959849928790575
2022-01-31,2,204.3822,0.05260784744413662
2022-01-31,3,235.91704,0.056331857184358014
2022-01-31,4,191.57861,0.051095846943426886
2022-01-31,5,187.54787,0.05061984912576553
2022-01-31,6,237.238,0.05648785188439273
2022-01-31,7,150.59357,0.04625584495948267
2022-01-31,8,231.03946,0.05575585440683611
2022-01-31,9,260.1016,0.05918785826135631
2022-01-31,10,270.2632,0.060387861095562344
2022-01-31,11,285.57333,0.062195863712479246
2022-01-31,12,329.16653,0.06734386831334037
2022-01-31,13,272.5973,0.06066349944142523
2022-01-31,14,250.41422,0.05804385697651625
2022-02-05,1,407.47852,0.07659188141681961
2022-02-05,2,376.0114,0.07287586886128687
2022-02-05,3,373.742,0.07260787106252023
2022-02-05,4,362.36105,0.07126387284807002
2022-02-05,5,364.02078,0.07145987354717417
2022-02-05,6,319.71625,0.06622786662226411
2022-02-05,7,361.44644,0.07115586479892488
2022-02-05,8,335.2635,0.06806387119478317
2022-02-05,9,374.11462,0.07265187447301481
2022-02-05,10,343.29114,0.0690118705995999
2022-02-05,11,361.95456,0.07121586966431193
2022-02-05,12,335.2635,0.06806387119478317
2022-02-05,13,411.50925,0.07706787805356177
2022-02-05,14,399.14597,0.07560787460527776
2022-02-05,15,311.6886,0.06527986603652819
2022-02-05,16,394.33612,0.07503987019336371
2022-02-20,1,425.09192,0.07867188160576667
2022-02-20,2,431.79852,0.07946387686319524
2022-02-20,3,404.56546,0.07624787257409676
2022-02-20,4,421.90793,0.07829587811969324
2022-02-20,5,416.45456,0.07765187919669155
2022-02-20,6,395.92813,0.0752278737077792
2022-02-20,7,394.13293,0.07501587509654015
2022-02-20,8,411.23828,0.07703587868653444
2022-02-20,9,401.6525,0.07590387554056575
2022-02-20,10,440.80847,0.08052787914000742
2022-02-20,11,430.85013,0.07935187966905921
2022-02-20,12,440.46976,0.08048788022645306
2022-02-20,13,504.99582,0.08810788641446957
2022-02-20,14,414.2529,0.07739188094445193
2022-02-20,15,368.35635,0.0719718693242072
2022-02-20,16,430.7146,0.07933587467140925
2022-02-25,1,540.3243,0.09227989437858852
2022-02-25,2,545.3373,0.09287188916364943
2022-02-25,3,525.04803,0.09047589035401596
2022-02-25,4,525.01416,0.09047189058075243
2022-02-25,5,517.22363,0.08955189195061869
2022-02-25,6,498.08594,0.08729188543194481
2022-02-25,7,488.6357,0.08617588846454526
2022-02-25,8,512.8541,0.08903588577204954
2022-02-25,9,491.98898,0.08657188373142119
2022-02-25,10,528.1981,0.09084788816222995
2022-02-25,11,542.255,0.09250789444472
2022-02-25,12,531.55145,0.09124389169554015
2022-02-25,13,554.3473,0.09393589734505751
2022-02-25,14,546.89545,0.09305589408572057
2022-02-25,15,485.79047,0.0858398897966221
2022-02-25,16,519.45917,0.089815891157041
2022-03-22,4,766.4534,0.11898391351892659
2022-03-22,5,782.8474,0.1209199124230336
2022-03-22,6,774.37946,0.11991991714671033
2022-03-22,7,862.48883,0.1303249216460124
2022-03-22,8,839.4814,0.12760793010847923
2022-03-22,9,827.01654,0.12613593088316222
2022-03-22,10,767.1309,0.11906392079338875
2022-03-22,11,886.2246,0.1331279242511201
2022-03-22,12,988.72125,0.14523195024078941
2022-03-22,13,819.16406,0.1252086164587068
2022-03-22,14,862.7853,0.13035993235694934
2022-03-22,15,973.88525,0.14347993854496585
2022-03-22,16,976.59503,0.1437999416625925
2022-07-30,8,685.12683,0.10937990288120662
2022-07-30,9,849.4542,0.1287856371885621
2022-07-30,10,744.1657,0.11635191627755381
2022-07-30,11,777.0493,0.12023520367313104
2022-07-30,12,885.68274,0.1330639349644189
2022-07-30,16,871.11774,0.13134392617838023
2022-08-19,6,1057.4845,0.1533523343229436
2022-08-19,7,1158.1864,0.165244414842737
2022-08-19,8,988.8266,0.1452443912243534
2022-08-19,9,1161.813,0.16567268699264762
2022-08-19,10,921.45154,0.13728794116188275
2022-08-19,11,969.5127,0.14296357572880428
2022-08-19,12,938.0488,0.1392479434292476
2022-08-19,13,1013.31226,0.14813594977786912
2022-08-19,14,1057.82,0.15339195416144108
2022-08-19,15,1052.7391,0.15279194093514628
2022-08-19,16,1175.2542,0.16725998408120946
2022-10-03,1,305.93036,0.0645998644304781
2022-10-03,2,210.68242,0.05335185250791807
2022-10-03,3,213.49377,0.05368385022165854
2022-10-03,4,206.68553,0.05287985210168187
2022-10-03,5,358.5335,0.07081187012723224
2022-10-03,6,249.39804,0.05792385433125728
2022-10-03,7,243.50433,0.057227854813072306
2022-10-03,8,390.03442,0.07453187418959421
2022-10-03,9,540.2819,0.09227488728126425
2022-10-03,10,385.22458,0.07396387095859934
2022-10-03,11,554.6182,0.09396788844565056
2022-10-03,12,362.42874,0.07127186649000115
2022-10-03,13,496.22296,0.08707188255050201
2022-10-03,14,395.14905,0.07513587065628403
2022-10-03,15,679.94446,0.10876790686798979
2022-10-03,16,636.62225,0.10365190399599433
2022-12-02,1,196.25294,0.05164784753861015
2022-12-02,2,216.98257,0.05409584930526525
2022-12-02,3,221.62305,0.054643852489023356
2022-12-02,4,181.89127,0.04995185038226354
2022-12-02,5,227.5168,0.055339856730885054
2022-12-02,6,187.95433,0.0506678487667661
2022-12-02,7,184.73651,0.050287850231105886
2022-12-02,8,216.61,0.054051851799366564
2022-12-02,9,165.5311,0.04801984652774334
2022-12-02,10,201.50311,0.05226785018386912
2022-12-02,11,220.77628,0.05454385579559706
2022-12-02,12,186.76878,0.050527844893351194
2022-12-02,13,211.22433,0.05341584769921517
2022-12-02,14,203.70479,0.0525278507979471
2022-12-02,15,158.55348,0.047195845998691546
2022-12-02,16,178.57182,0.04955985016497441
2022-12-07,1,226.46675,0.05521585431236257
2022-12-07,2,232.49596,0.055927855285439976
2022-12-07,3,176.5056,0.04931584628211214
2022-12-07,4,245.80763,0.057499855927860014
2022-12-07,5,236.59447,0.05641185619238591
2022-12-07,6,172.50873,0.048843848237714316
2022-12-07,7,202.01118,0.05232784914466024
2022-12-07,8,197.4046,0.051783849276923186
2022-12-07,9,247.0609,0.05764785698596359
2022-12-07,10,219.15039,0.054351851326998886
2022-12-07,11,260.57578,0.059243855087045556
2022-12-07,12,204.85643,0.05266385017442176
2022-12-07,13,202.99345,0.05244384729297896
2022-12-07,14,226.46674,0.05521585313144339
2022-12-07,15,237.47511,0.05651585265907572
2022-12-07,16,169.69734,0.04851184580029712
2022-12-22,1,134.67375,0.04437584288106491
2022-12-22,2,103.17282,0.04065583763778375
2022-12-22,3,112.89409,0.041803841057725694
2022-12-22,4,120.24429,0.04267184027359536
2022-12-22,5,135.68991,0.04449584316448551
2022-12-22,6,130.20265,0.04384784210638192
2022-12-22,7,73.97521,0.03720783587112865
2022-12-22,8,129.59296,0.04377584264488107
2022-12-22,9,98.0243,0.04004783903599206
2022-12-22,10,159.29866,0.04728384573416565
2022-12-22,11,106.52615,0.04105183880925557
2022-12-22,12,125.93479,0.04334384233311841
2022-12-22,13,157.6728,0.047091844808325005
2022-12-22,14,146.02084,0.04571584250317077
2022-12-22,15,125.223465,0.04325984059952905
2022-12-22,16,107.81329,0.04120383964062267
2022-12-27,1,141.0078,0.04512384299443315
2022-12-27,2,142.87076,0.045343843514037585
2022-12-27,3,125.76542,0.04332384110496246
2022-12-27,4,119.431366,0.04257584051922655
2022-12-27,5,113.97798,0.041931839706754154
2022-12-27,6,94.6371,0.039647838091256715
2022-12-27,7,101.34375,0.040439839253281186
2022-12-27,8,99.04046,0.04016783931941265
2022-12-27,9,105.848724,0.04097184027359536
2022-12-27,10,116.34902,0.042211840368068895
2022-12-27,11,146.76604,0.045803844600483236
2022-12-27,12,138.84,0.044867843334537874
2022-12-27,13,138.56903,0.04483584396751056
2022-12-27,14,131.8285,0.04403984185130338
2022-12-27,15,135.96088,0.04452784253151283
2022-12-27,16,158.38412,0.04717584595145477
2023-01-01,1,194.25453,0.051411851468709184
2023-01-01,2,191.40927,0.05107584925802848
2023-01-01,3,165.22626,0.0479838473874525
2023-01-01,4,165.19238,0.0479798464332698
2023-01-01,5,190.22375,0.050935848927371116
2023-01-01,6,175.62494,0.04921184745358397
2023-01-01,11,320.1566,0.06627986839836657
2023-01-01,12,196.65944,0.051695851903287446
2023-01-01,13,161.331,0.04752384866284521
2023-01-01,14,170.30705,0.048583847623636336
2023-01-01,15,196.65944,0.051695851903287446
2023-01-06,1,202.07892,0.05233584869118728
2023-01-06,2,138.16255,0.04478784196467163
2023-01-06,3,124.647644,0.04319184079319979
2023-01-06,4,116.48451,0.042227840642042144
2023-01-06,5,137.28189,0.04468384313614345
2023-01-06,6,117.2297,0.04231584155843543
2023-01-06,7,93.4516,0.0395078401224377
2023-01-06,8,84.644875,0.038467837075666214
2023-01-06,9,96.5678,0.03987583815738819
2023-01-06,10,94.73873,0.039659839772885626
2023-01-06,11,104.629326,0.04082783922493913
2023-01-06,12,115.12963,0.042067840264148004
2023-01-06,13,122.88631,0.0429838414828566
2023-01-06,14,126.781586,0.04344384209693457
2023-01-06,15,122.68308,0.042959841662356314
2023-01-06,16,159.80673,0.04734384469495677
2023-01-11,1,263.08234,0.05953985956509108
2023-01-11,2,281.54254,0.06171985999022198
2023-01-11,3,328.21808,0.06723186403368926
2023-01-11,4,279.95056,0.061531860018564054
2023-01-11,5,286.82657,0.06234386122782529
2023-01-11,6,294.07516,0.06319986112390441
2023-01-11,7,326.0581,0.06697678785259295
2023-01-11,8,301.93347,0.0641278640242419
2023-01-16,1,310.19824,0.06510386656557998
2023-01-16,2,262.64197,0.05948785542715029
2023-01-16,3,292.1106,0.0629678624654286
2023-01-16,4,275.03915,0.06095186219145534
2023-01-16,5,244.21564,0.057311854775282896
2023-01-16,6,301.93347,0.0641278640242419
2023-01-16,7,248.92384,0.05786785514372968
2023-01-16,8,296.31073,0.06346386387308425
2023-01-16,9,292.61868,0.06302786260713888
2023-01-16,10,307.5562,0.06479186299448039
2023-01-16,11,321.30823,0.06641586659392205
2023-01-16,12,365.81598,0.07167187215841322
2023-01-16,13,380.82126,0.07344387445412011
2023-01-16,14,336.99094,0.06826786789765683
2023-01-16,15,315.34677,0.06571186634829086
2023-01-16,16,301.69638,0.06409986561139729
2023-01-21,1,433.76312,0.07969588024534777
2023-01-21,2,447.14255,0.08127588279613321
2023-01-21,3,411.2721,0.07703987255520207
2023-01-21,4,400.90732,0.07581587580509166
2023-01-21,5,417.40295,0.07776387639082756
2023-01-21,6,383.7681,0.07379187244183383
2023-01-21,7,384.7504,0.0739078741329101
2023-01-21,8,416.3529,0.07763987397230508
2023-01-21,9,392.23608,0.07479187244183383
2023-01-21,10,426.921,0.0788878811711884
2023-01-21,11,432.61148,0.0795598808688731
2023-01-21,12,429.08875,0.07914387492648779
2023-01-21,13,434.3728,0.07976787852592945
2023-01-21,14,451.6814,0.08181188429826239
2023-01-21,15,408.5285,0.07671587556890783
2023-01-21,16,431.90015,0.07947587854482414
2023-01-26,1,375.33102,0.0727955214821008
2023-01-26,2,353.09705,0.07016986931948352
2023-01-26,3,332.85855,0.06777986603652819
2023-01-26,4,344.0363,0.06909986797323565
2023-01-26,5,336.5506,0.06821586730247355
2023-01-26,6,350.26874,0.06983586876681334
2023-01-26,7,326.82935,0.06706786624436997
2023-01-26,8,323.10342,0.06662786402424192
2023-01-26,9,330.0811,0.0674518716388088
2023-01-26,10,326.38904,0.06701586919194424
2023-01-26,11,361.54813,0.07116787356606889
2023-01-26,12,349.35425,0.06972787488869837
2023-01-26,13,352.61475,0.0701129135874199
2023-01-26,14,350.053,0.06981039161641857
2023-01-26,15,332.53397,0.06774153576177554
2023-01-26,16,365.16397,0.07159487504694154
2023-02-05,1,294.21066,0.06321586257879683
2023-02-05,2,283.77814,0.06198386628215939
2023-02-05,3,286.72498,0.0623318642698731
2023-02-05,4,290.41702,0.06276786435489928
2023-02-05,5,270.53415,0.0604198581007513
2023-02-05,6,265.3179,0.05980386113335176
2023-02-05,7,248.17867,0.057779856589174755
2023-02-05,8,247.02701,0.057643854850861716
2023-02-05,9,211.49535,0.053447852970838386
2023-02-05,10,263.99686,0.059647856985963595
2023-02-05,11,262.94684,0.059523858110198655
2023-02-05,12,288.35083,0.06252386401479455
2023-02-05,13,321.74857,0.06646786718910531
2023-02-05,14,307.9627,0.06483986735915767
2023-02-05,15,272.19388,0.060615858799855454
2023-02-05,16,302.20444,0.06415986339126924
2023-02-10,1,307.65784,0.06480386585702848
2023-02-10,2,312.43375,0.06536786222924475
2023-02-10,3,291.3993,0.06288386368413718
2023-02-10,4,313.1451,0.06545186691513206
2023-02-10,5,287.70728,0.06244786596094937
2023-02-10,6,263.4888,0.05958785920609166
2023-02-10,7,267.28247,0.060035860972746755
2023-02-10,8,273.58264,0.060779860131932296
2023-02-10,9,243.06401,0.057175856579727395
2023-02-10,10,277.6134,0.06125586031143201
2023-02-10,11,285.91202,0.062235860264195246
2023-02-10,12,311.9934,0.0653158604531423
2023-02-10,13,348.37192,0.06961186965486456
2023-02-10,14,290.34924,0.06275986008469553
2023-02-10,15,273.9891,0.06082785977293287
2023-02-10,16,295.0236,0.06331186422263634
2023-02-15,1,323.78088,0.06670786657502735
2023-02-15,2,328.89554,0.0673118665844747
2023-02-15,3,326.1858,0.06699186819052479
2023-02-15,4,325.50836,0.06691186800157771
2023-02-15,5,291.73804,0.06292386614044908
2023-02-15,6,287.5379,0.062427863551874234
2023-02-15,7,270.77127,0.06044786005635346
2023-02-15,8,284.65878,0.0620878627488492
2023-02-15,9,281.3393,0.061695858988802525
2023-02-15,10,316.1597,0.06580786681121117
2023-02-15,11,311.48535,0.06525586385418955
2023-02-15,12,331.7069,0.06764386547913434
2023-02-15,13,344.71375,0.0691798693431019
2023-02-15,14,319.00494,0.06614386666005352
2023-02-15,15,341.08945,0.06875186880460275
2023-02-15,16,334.3828,0.06795986764257828
2023-02-20,1,351.42038,0.06997186814328801
2023-02-20,2,352.0301,0.0700438711475464
2023-02-20,3,336.41513,0.06819986939033867
2023-02-20,4,349.65903,0.06976386694347411
2023-02-20,5,319.64853,0.06621986943757543
2023-02-20,6,300.51083,0.06395986173798238
2023-02-20,7,305.32068,0.06452786614989643
2023-02-20,8,326.55838,0.06703586687734264
2023-02-20,9,324.15347,0.06675186644276439
2023-02-20,10,357.4157,0.07067986698126355
2023-02-20,11,357.1786,0.07065186738749973
2023-02-20,12,345.52667,0.06927586862510304
2023-02-20,13,387.6295,0.07424787257409678
2023-02-20,14,408.15594,0.0766718792439283
2023-02-20,15,376.45172,0.07292786709463178
2023-02-20,16,386.85046,0.07415587424627834
2023-02-25,1,384.2423,0.07384787162936143
2023-02-25,2,377.63727,0.07306787096804669
2023-02-25,3,358.77063,0.07083987326375359
2023-02-25,4,365.545,0.07163987161046673
2023-02-25,5,344.8154,0.06919187338656917
2023-02-25,6,307.99655,0.06484386477058283
2023-02-25,7,291.94122,0.06294786005635346
2023-02-25,8,294.7865,0.06328386462887253
2023-02-25,9,338.8878,0.06849187173328232
2023-02-25,10,353.58817,0.07022786662226412
2023-02-25,11,341.36044,0.06878387053346843
2023-02-25,12,382.31165,0.07361987746782586
2023-02-25,13,399.38306,0.0756358730181224
2023-02-25,14,400.22986,0.07573587325430622
2023-02-25,15,394.74258,0.07508786983436427
2023-02-25,16,378.51797,0.07317187452025159
2023-03-22,4,811.94794,0.12435645100720596
2023-03-22,6,820.78406,0.1253999253659078
2023-03-22,8,959.0077,0.14172302012994836
2023-03-22,9,891.23773,0.13371993438813035
2023-03-22,10,887.1053,0.13323192780332502
2023-03-22,11,968.4952,0.14284341720221352
2023-03-27,4,809.8526,0.12410900828769082
2023-03-27,6,705.9581,0.1118399075104098
2023-03-27,7,787.5279,0.12147264164535107
2023-03-27,8,749.24646,0.1169519129709801
2023-03-27,9,894.0604,0.13405326890238287
2023-03-27,10,797.75116,0.12267992602722255
2023-03-27,11,735.90094,0.1153759149171349
2023-03-27,12,758.4738,0.1180415872498518
2023-03-27,13,849.7869,0.12882492636968912
2023-03-27,14,895.8005,0.1342587606489387
2023-03-27,15,847.3171,0.12853326295055018
2023-03-27,16,842.6016,0.12797640051110182
2023-04-01,8,828.123,0.12626659486678052
2023-04-01,8,847.23645,0.12852373883736146
2023-04-01,10,863.4319,0.13043629059114453
2023-04-01,10,860.13525,0.13004698286958638
2023-04-01,11,790.23157,0.1217919232213586
2023-04-01,11,813.1967,0.12450391947075926
2023-04-01,12,931.884,0.13851993037300514
2023-04-01,12,936.2196,0.1390319296927957
2023-04-01,13,1017.01556,0.14857327957789226
2023-04-01,13,1049.9137,0.15245828402995756
2023-04-01,14,868.47577,0.13103193087371487
2023-04-01,14,826.81323,0.1261119216153085
2023-06-10,7,731.2944,0.11483191977307458
2023-06-10,9,736.10425,0.11539992418498864
2023-06-10,11,838.262,0.12746392882363916
2023-06-10,12,886.56335,0.1331679278883512
2023-06-20,1,863.66595,0.13046393000455836
2023-06-20,2,817.67914,0.12503325940779264
2023-06-20,4,809.3353,0.1240479193384963
2023-06-20,5,775.0569,0.1199999173356574
2023-06-20,6,766.7921,0.11902391125156178
2023-06-20,7,794.09296,0.12224792217270233
2023-06-20,8,673.21826,0.1079735970089679
2023-06-20,9,584.5949,0.09750789444472001
2023-06-20,10,622.667,0.10200390175697156
2023-06-20,11,801.2738,0.12309592134133526
2023-06-20,12,715.1459,0.11292491243484279
2023-06-20,13,323.78088,0.06670786657502735
2023-06-20,14,329.8778,0.06742786355187425
2023-06-20,15,170.03607,0.04855184707568984
2023-06-20,16,173.93134,0.0490118469812163
2023-07-10,1,623.00574,0.10204390421328345
2023-07-10,2,461.74133,0.0829998807271628
2023-07-10,3,732.64923,0.11499191424637281
2023-07-10,4,570.4026,0.09583189851652933
2023-07-10,5,182.50093,0.050023846301006855
2023-07-10,6,336.95706,0.06826386694347412
2023-07-10,7,372.96298,0.07251587509654014
2023-07-10,8,193.27223,0.05129584977763292
2023-07-10,9,447.21027,0.08128387998082187
2023-07-10,10,552.0778,0.09366788773709905
2023-07-10,11,772.16364,0.11965824671291148
2023-07-10,12,772.0084,0.11963991412355722
2023-07-10,13,359.41415,0.07091586777484123
2023-07-10,14,238.86389,0.056679856352990915
2023-07-10,15,595.02747,0.09873989664595335
2023-07-10,16,238.45743,0.05663185671199034
2023-07-20,9,838.12646,0.12744792264507002
2023-07-20,10,851.06555,0.12897592460067217
2023-07-20,11,879.6535,0.13235193044858398
2023-07-20,12,924.65796,0.1376665934496775
2023-07-20,13,943.19727,0.1398559361264434
2023-07-20,14,958.77844,0.14169594637682187
2023-07-20,15,997.18915,0.146231940793436
2023-10-13,1,572.8414,0.09611990108620948
2023-10-13,3,681.2994,0.10892791433139899
2023-10-13,4,721.20044,0.11363990467620377
2023-10-13,5,720.79407,0.11359191566347583
2023-10-13,7,709.7179,0.11228390950380139
2023-10-13,8,749.7236,0.1170082593487467
2023-10-13,9,769.1632,0.11930391899839159
2023-10-13,10,804.6948,0.12349991379289983
2023-10-13,11,732.3105,0.1149519129709801
2023-10-13,12,719.6424,0.11345591274424362
2023-10-13,13,699.86127,0.11111992116183553
2023-10-13,14,686.2447,0.10951191429360958
2023-10-13,15,732.71704,0.11499992205933411
2023-11-27,1,355.45117,0.07044787186554527
2023-11-27,2,333.94247,0.0679078682283142
2023-11-27,3,355.1463,0.0704118691824969
2023-11-27,4,446.90543,0.08124788084053104
2023-11-27,5,386.61337,0.0741278758334337
2023-11-27,6,460.6913,0.08287588067047867
2023-11-27,7,385.96982,0.07405187777958853
2023-11-27,8,362.29327,0.07125586857786627
2023-11-27,9,397.55402,0.07541987817637737
2023-11-27,10,382.04065,0.073587874558041
2023-11-27,11,376.85825,0.07297587500206662
2023-11-27,12,430.34204,0.07929187834642973
2023-11-27,13,422.17886,0.07832787276304384
2023-11-27,14,376.04532,0.0728798745391463
2023-11-27,15,511.05896,0.08882389424632557
2023-11-27,16,304.8126,0.06446786600818613
2023-12-12,1,146.52893,0.04577584382580025
2023-12-12,2,166.8521,0.04817584595145477
2023-12-12,3,131.7269,0.04402784371243201
2023-12-12,4,171.76352,0.048755844959482667
2023-12-12,5,125.86704,0.04333584160567219
2023-12-12,6,143.92079,0.045467843570721714
2023-12-12,7,130.74461,0.043911843202274925
2023-12-12,8,159.53577,0.04731184650884863
2023-12-12,9,149.20482,0.04609184480832501
2023-12-12,10,136.26575,0.04456384521456121
2023-12-12,11,182.22997,0.049991848114898714
2023-12-12,12,179.14761,0.04962784631045421
2023-12-12,13,174.06683,0.04902784725518955
2023-12-12,14,178.13147,0.04950784838887196
2023-12-12,15,170.74738,0.04863584703790042
2023-12-12,16,177.82661,0.04947184688674276
2024-01-01,1,304.9142,0.0644798641470575
2024-01-01,2,249.80455,0.05797185987685375
2024-01-01,3,241.60751,0.057003855701123526
2024-01-01,4,173.89746,0.049007846027033605
2024-01-01,5,166.71661,0.04815984567748152
2024-01-01,6,162.41489,0.04765184731187368
2024-01-01,7,171.66191,0.04874384563969211
2024-01-01,8,179.79117,0.049703845545218575
2024-01-01,9,193.5432,0.05132784914466024
2024-01-01,10,194.45775,0.05143585010829029
2024-01-01,11,245.33342,0.05744385555941322
2024-01-01,12,238.66064,0.05665585417065227
2024-01-01,13,234.86699,0.05620785476583554
2024-01-01,14,228.60066,0.05546785183715597
2024-01-01,15,231.41205,0.05579985427457316
2024-01-01,16,228.22809,0.05542385433125728
2024-01-06,1,391.99902,0.07476387757174675
2024-01-06,2,349.65903,0.06976386694347411
2024-01-06,3,352.87686,0.07014386666005352
2024-01-06,4,354.73987,0.07036387308425386
2024-01-06,5,398.40076,0.07551987132704613
2024-01-06,6,345.28958,0.06924787021225842
2024-01-06,7,332.11337,0.06769186630105409
2024-01-06,8,349.9639,0.0697998696265225
2024-01-06,9,372.35327,0.07244387327320093
2024-01-06,10,372.421,0.07245187163880878
2024-01-06,11,391.35544,0.07468787597514401
2024-01-06,12,349.25256,0.06971586612155438
2024-01-06,13,402.29605,0.07597987359441094
2024-01-06,14,396.77496,0.07532787748672057
2024-01-06,15,353.79144,0.07025187116644112
2024-01-06,16,375.50336,0.07281587344325328
2024-01-11,1,242.28494,0.05708385470915142
2024-01-11,2,242.35268,0.05709185425567845
2024-01-11,3,196.72719,0.051703852630733654
2024-01-11,4,206.07582,0.05280785027834265
2024-01-11,5,215.89871,0.05396785419899433
2024-01-11,6,167.25858,0.0482238479542937
2024-01-11,7,179.99442,0.04972784772755723
2024-01-11,8,215.76318,0.05395184920134436
2024-01-11,9,201.0289,0.05221184981542233
2024-01-11,10,195.37227,0.0515438475291628
2024-01-11,11,217.35518,0.05413985153484066
2024-01-11,12,274.15845,0.060847858639250456
2024-01-11,13,245.73988,0.0574918552004138
2024-01-11,14,244.68987,0.05736785750556804
2024-01-11,15,290.48474,0.06277586153958796
2024-01-11,16,300.64633,0.06397586319287481
2024-01-16,1,216.84709,0.05407985021221118
2024-01-16,2,219.55687,0.05439985332983782
2024-01-16,3,201.09666,0.05221985172378773
2024-01-16,4,189.24147,0.0508198495981332
2024-01-16,5,184.3978,0.05024785131755153
2024-01-16,6,129.93169,0.04381584392027379
2024-01-16,7,155.30177,0.04681184532792945
2024-01-16,8,154.65819,0.04673584373132672
2024-01-16,9,115.400604,0.042099840103543
2024-01-16,10,152.52426,0.04648384384469496
2024-01-16,11,156.08083,0.04690384601758625
2024-01-16,12,160.4503,0.04741984511064032
2024-01-16,13,183.00902,0.05008384762363634
2024-01-16,14,171.96678,0.04877984832274049
2024-01-16,15,141.07555,0.04513184372187936
2024-01-16,16,136.9093,0.0446398432684064
2024-01-21,1,238.72836,0.056663851355340945
2024-01-21,2,197.13364,0.05175185109081505
2024-01-21,3,195.57553,0.05156785089242062
2024-01-21,4,182.39934,0.05001184934305466
2024-01-21,5,186.0575,0.05044384847389815
2024-01-21,6,137.99318,0.04476784073651567
2024-01-21,7,151.84683,0.04640384483666707
2024-01-21,8,174.2023,0.04904384516732444
2024-01-21,9,119.16039,0.04254384044364772
2024-01-21,10,137.34964,0.04469184386358967
2024-01-21,11,215.35674,0.053903851922182146
2024-01-21,12,182.70418,0.050047848483345495
2024-01-21,13,199.87724,0.0520758480771093
2024-01-21,14,212.85022,0.053607852167813344
2024-01-21,15,194.42387,0.05143184915410759
2024-01-21,16,212.95184,0.05361985266852307
2024-01-26,1,227.92325,0.05538785519096644
2024-01-26,2,234.62988,0.05617985399115255
2024-01-26,3,247.6706,0.05771985762838363
2024-01-26,4,225.95865,0.05515585180881391
2024-01-26,5,220.20042,0.05447585138368301
2024-01-26,6,202.68866,0.05240785405728403
2024-01-26,7,175.01526,0.049139849173002306
2024-01-26,8,184.1268,0.050215848407766675
2024-01-26,9,192.0867,0.05115584826605637
2024-01-26,11,252.07393,0.058239855313782035
2024-01-26,12,232.29271,0.05590385310310133
2024-01-26,13,307.21747,0.06475186171908767
2024-01-26,14,243.03012,0.057171854444625525
2024-01-26,15,279.23923,0.061447857694515114
2024-01-26,16,265.01303,0.05976785845030338
2024-02-10,1,238.4574,0.05663185316923281
2024-02-10,2,248.78836,0.05785185605067561
2024-02-10,3,253.0901,0.058359856778121826
2024-02-10,4,274.15845,0.060847858639250456
2024-02-10,5,251.80296,0.05820785594675472
2024-02-10,6,235.84927,0.05632385409507344
2024-02-10,7,228.16034,0.055415853603811065
2024-02-10,8,255.19016,0.05860785689149006
2024-02-10,9,256.545,0.058767852545707475
2024-02-10,10,282.38937,0.06181986376916337
2024-02-10,11,282.69418,0.061855859366696665
2024-02-10,12,210.54694,0.05333585341486399
2024-02-10,13,269.85672,0.060339859092723415
2024-02-10,14,271.7197,0.06055986197416622
2024-02-10,15,270.16156,0.06037585823301426
2024-02-10,16,304.77872,0.06446386505400344
2024-02-15,1,419.33362,0.07799187291420151
2024-02-15,2,411.6786,0.07708787691987935
2024-02-15,3,409.985,0.07688787644751169
2024-02-15,4,390.91507,0.07463587183720322
2024-02-15,5,427.97107,0.07901188595154925
2024-02-15,6,387.5279,0.0742358744352254
2024-02-15,7,390.91513,0.0746358789227183
2024-02-15,8,399.4169,0.07563986924862837
2024-02-15,9,426.31125,0.07881587462417247
2024-02-15,10,406.73328,0.07650387459583041
2024-02-15,11,422.38214,0.07835187848814003
2024-02-15,12,412.18668,0.07714787706158967
2024-02-15,13,447.549,0.08132388125621459
2024-02-15,14,440.30038,0.08046787781737795
2024-02-15,15,434.88086,0.07982787630580139
2024-02-15,16,442.84082,0.08076788324960617
2024-02-25,1,399.3492,0.07563187442577805
2024-02-25,2,419.6385,0.07802787677816907
2024-02-25,3,329.97946,0.0674398687762607
2024-02-25,4,416.6239,0.07767187688208994
2024-02-25,5,392.27,0.07479587811969325
2024-02-25,6,400.94116,0.07581987203559763
2024-02-25,7,336.8216,0.06824787021225842
2024-02-25,8,435.79544,0.07993588081218898
2024-02-25,9,364.86755,0.07155987024060047
2024-02-25,10,320.15656,0.06627986367468984
2024-02-25,11,313.55154,0.06549986419429427
2024-02-25,12,301.22217,0.06404386524295051
2024-02-25,13,377.0615,0.07299987718440526
2024-02-25,14,359.48187,0.0709238649595299
2024-02-25,15,337.87164,0.06837187144986172
2024-02-25,16,389.3909,0.07445587967850657
2024-03-01,1,495.4778,0.08698388517686627
2024-03-01,2,467.49957,0.08367988233321288
2024-03-01,3,446.56668,0.08120787720329997
2024-03-01,4,451.5797,0.08179987435019923
2024-03-01,5,449.81845,0.08159188495957714
2024-03-01,6,451.3765,0.08177587807245648
2024-03-01,7,476.27237,0.08471587911166537
2024-03-01,8,493.78427,0.08678389297093286
2024-03-01,9,531.3482,0.09121988951320151
2024-03-01,10,505.47003,0.08816388678291635
2024-03-01,11,495.91815,0.08703588695296871
2024-03-01,12,522.54156,0.09017989650424305
2024-03-01,13,568.3364,0.09558789699550543
2024-03-01,14,529.72235,0.09102788976828005
2024-03-01,15,525.7932,0.09056388890857088
2024-03-01,16,583.51105,0.09737990051936826
2024-03-06,1,117.53454,0.042351840698726266
2024-03-06,2,385.96982,0.07405187777958853
2024-03-06,3,206.92262,0.05290785051452648
2024-03-06,4,249.46582,0.057931858601461036
2024-03-06,5,335.56833,0.06809986915415482
2024-03-06,6,334.9925,0.06803186828499831
2024-03-06,7,312.2644,0.06534786336292718
2024-03-06,11,259.3903,0.05910385948006491
2024-03-06,12,220.57303,0.054519853613258416
2024-03-06,13,55.6166,0.035039832403949936
2024-03-06,14,27.706121,0.031743830405834686
2024-03-06,15,30.957832,0.032127831194688705
2024-03-06,16,44.811455,0.033763832106358305
2024-03-11,1,303.1867,0.06427586035866878
2024-03-11,2,342.81693,0.06895587023115313
2024-03-11,3,275.344,0.06098786251266536
2024-03-11,4,301.3915,0.06406386174742973
2024-03-11,5,260.60968,0.05924785840306662
2024-03-11,7,272.83746,0.060691860396458186
2024-03-11,16,413.7787,0.07733588175692432
2024-03-16,1,499.54242,0.08746388394871032
2024-03-16,2,542.79694,0.09257189317877464
2024-03-16,3,513.66705,0.08913188859680822
2024-03-16,4,556.7183,0.09421589328269553
2024-03-16,7,468.92224,0.08384788816222996
2024-03-16,8,533.6346,0.09148989487457458
2024-03-16,9,504.96194,0.08810388546028688
2024-03-16,10,469.87064,0.08395988653728517
2024-03-16,11,480.33704,0.08519588378810532
2024-03-16,12,492.49707,0.08663188505405067
2024-03-16,13,534.0918,0.09154388649949576
2024-03-16,14,462.08008,0.08303988436439387
2024-03-16,15,522.135,0.09013188505405068
2024-03-16,16,486.6937,0.0859465539597401
2024-03-31,11,1101.4471,0.1585439620783233
2024-03-31,13,1135.6238,0.16257995413309906
2024-03-31,14,992.4725,0.1456749425482819
2024-03-31,15,1149.2714,0.16419162539354132
2024-04-15,9,1113.7086,0.15999194613119067
2024-04-15,11,1163.8788,0.16591664127690428
2024-04-15,12,1446.5186,0.1992941173691955
2024-04-15,13,1365.8402,0.189766650369982
2024-04-15,15,1372.2195,0.19051999414264087
2024-10-17,5,335.16187,0.06805186951315427
2024-10-17,9,364.39337,0.07150387341491124
2024-10-17,11,436.42206,0.080009879569862
2024-12-01,1,356.3657,0.07055587046733695
2024-12-01,3,349.5236,0.06974787375501595
2024-12-01,4,408.93497,0.07676387639082757
2024-12-01,5,374.52106,0.07269987175217703
2024-12-01,6,397.825,0.07545187872432386
2024-12-01,7,368.22086,0.07195586905023395
2024-12-01,8,381.19388,0.07348787786461469
2024-12-01,9,395.35236,0.07515987992413775
2024-12-01,10,422.28055,0.07833988153018784
2024-12-01,11,228.12648,0.055411855011466726
2024-12-01,15,281.90244,0.0617623612715193
2024-12-01,16,418.61508,0.07790701914742358
2024-12-06,1,254.07239,0.05847585728827891
2024-12-06,2,264.47107,0.059703857354410375
2024-12-06,3,269.8906,0.06034386004690611
2024-12-06,4,250.92229,0.058103855937307367
2024-12-06,5,202.92574,0.05243585128920947
2024-12-06,6,217.18582,0.05411985148760389
2024-12-06,7,242.96239,0.057163856079017666
2024-12-06,8,218.43909,0.05426785254570748
2024-12-06,9,230.87007,0.0557358508168418
2024-12-06,10,234.49437,0.05616385135534095
2024-12-06,11,268.40024,0.0601678605759579
2024-12-06,12,259.42416,0.05910785807240924
2024-12-06,13,259.2548,0.05908785802517247
2024-12-06,14,247.09474,0.057651853216469574
2024-12-06,15,248.51738,0.05781985550272911
2024-12-06,16,239.47357,0.056751854633572595
2024-12-11,1,192.01898,0.05114785108136769
2024-12-11,2,220.81012,0.054547852026103044
2024-12-11,3,198.69174,0.05193585010829029
2024-12-11,4,222.36823,0.05473185222449747
2024-12-11,5,210.27596,0.053303852866917495
2024-12-11,6,180.7735,0.04981985077905239
2024-12-11,7,150.3226,0.04622384559245534
2024-12-11,8,174.98137,0.04913584703790042
2024-12-11,9,180.77348,0.04981984841721402
2024-12-11,10,197.20139,0.05175985181826126
2024-12-11,11,208.142,0.05305184943752819
2024-12-11,12,188.86887,0.05077584854947697
2024-12-11,13,259.42413,0.059107854529651706
2024-12-11,14,213.697,0.05370785004215882
2024-12-11,15,225.51833,0.05510385357546901
2024-12-11,16,230.76848,0.0557238538588896
2024-12-16,1,196.86266,0.05171985054286855
2024-12-16,2,207.97266,0.05303185175212979
2024-12-16,3,205.19516,0.05270385144981448
2024-12-16,4,238.1187,0.056591855436597636
2024-12-16,5,196.96428,0.05173185104357828
2024-12-16,6,165.294,0.04799184693397954
2024-12-16,7,165.26012,0.047987845979796835
2024-12-16,8,172.17001,0.04880384814324077
2024-12-16,9,167.90213,0.04829984600813889
2024-12-16,10,176.26851,0.04928784786926753
2024-12-16,11,191.68025,0.051107849805974985
2024-12-16,12,208.24364,0.05306385230007629
2024-12-16,13,205.63551,0.05275585322591692
2024-12-16,14,216.57611,0.05404784966426468
2024-12-16,15,208.31137,0.05307185066568415
2024-12-16,16,210.14047,0.05328785259294424
2025-01-10,1,361.1078,0.0711158741518048
2025-01-10,2,337.77,0.06835986858731362
2025-01-10,3,373.91138,0.07262787347159536
2025-01-10,4,413.47382,0.07729987789295677
2025-01-10,5,424.38058,0.07858787810079855
2025-01-10,6,438.9455,0.0803078774394838
2025-01-10,7,404.1929,0.07620387624911727
2025-01-10,8,417.60617,0.07778787503040868
2025-01-10,9,444.1279,0.08091987699545819
2025-01-10,10,515.9704,0.08940389561619183
2025-01-10,11,487.17914,0.08600388050042632
2025-01-10,12,470.44644,0.08402788386368414
2025-01-10,13,477.966,0.08491588312679058
2025-01-10,14,452.46042,0.08190388026424249
2025-01-10,15,447.04092,0.08126388111450429
2025-01-10,16,375.60492,0.07282786685844794
2025-01-15,1,406.05585,0.07642387558780253
2025-01-15,2,426.6839,0.07885988157742461
2025-01-15,3,397.96042,0.07546787073186285
2025-01-15,4,417.40295,0.07776387639082756
2025-01-15,5,420.55304,0.07813587656087993
2025-01-15,6,400.63632,0.07578387289530679
2025-01-15,7,411.17053,0.07702787795908823
2025-01-15,8,438.2681,0.08022788197421346
2025-01-15,9,435.8632,0.07994388272055437
2025-01-15,10,442.9763,0.08078388234266023
2025-01-15,11,463.6043,0.08321988242768642
2025-01-15,12,428.20804,0.07903987019336371
2025-01-15,13,463.09622,0.08315988228597612
2025-01-15,14,467.19473,0.08364388319292204
2025-01-15,15,461.3687,0.08295587613574902
2025-01-15,16,449.44577,0.08154787446356745
2025-01-20,1,218.6423,0.0542918500043694
2025-01-20,2,222.40208,0.054735849635922616
2025-01-20,3,248.24638,0.05778785259294424
2025-01-20,4,298.41077,0.06371186162461413
2025-01-20,5,238.69452,0.05665985512483497
2025-01-20,6,221.72467,0.054655852989733085
2025-01-20,7,246.04472,0.057527854340704634
2025-01-20,8,245.40115,0.057451853925021085
2025-01-20,9,256.816,0.058799855455492336
2025-01-20,10,250.24486,0.05802385692927947
2025-01-20,11,284.01523,0.062011864695004006
2025-01-20,12,275.64883,0.06102386047203702
2025-01-20,13,263.48877,0.05958785566333411
2025-01-20,14,236.96703,0.056455852517365415
2025-01-20,15,206.31293,0.05283585105302563
2025-01-20,16,230.19266,0.05565585417065227
2025-01-25,1,207.05812,0.05292385196941892
2025-01-25,2,240.99782,0.05693185623962267
2025-01-25,3,233.1734,0.056007855474387046
2025-01-25,4,218.71005,0.05429985073181562
2025-01-25,5,181.58641,0.049915848880134346
2025-01-25,6,220.2343,0.0544798523378657
2025-01-25,7,178.0637,0.04949984529958739
2025-01-25,8,182.2977,0.049999846480506566
2025-01-25,9,233.17339,0.056007854293467864
2025-01-25,10,239.77841,0.05678785377386343
2025-01-25,11,245.97699,0.05751985597509678
2025-01-25,12,249.66902,0.05795585487920377
2025-01-25,13,340.00555,0.06862386897465511
2025-01-25,14,288.92664,0.06259186252211273
2025-01-25,15,270.56805,0.06042386141677236
2025-01-25,16,301.4254,0.06406786506345079
2025-01-30,1,325.1019,0.06686386836057714
2025-01-30,2,288.046,0.0624878660554229
2025-01-30,3,287.9105,0.06247186460053047
2025-01-30,4,247.26411,0.05767185444462552
2025-01-30,5,226.19576,0.05518385258349689
2025-01-30,6,290.72186,0.06280386349519013
2025-01-30,7,327.43903,0.06713986452495165
2025-01-30,8,325.4406,0.06690386609321232
2025-01-30,9,391.5587,0.07471187933840184
2025-01-30,10,329.91168,0.06743186450605693
2025-01-30,11,351.3527,0.06996387568227606
2025-01-30,12,397.07977,0.07536387308425387
2025-01-30,13,463.02847,0.0831518815585299
2025-01-30,14,407.27524,0.07656787569172341
2025-01-30,15,385.86816,0.07403987255520207
2025-02-09,1,362.83524,0.07131987085467846
2025-02-09,2,354.84143,0.0703758664994485
2025-02-09,3,368.83054,0.0720278673308156
2025-02-09,4,360.9384,0.07109586938089131
2025-02-09,5,325.13577,0.06686786813384066
2025-02-09,6,328.0826,0.0672158649406352
2025-02-09,7,409.51077,0.07683187371722655
2025-02-09,8,458.11707,0.08257188491234038
2025-02-09,9,567.9638,0.0955438959468492
2025-02-09,10,584.1207,0.0974518952571924
2025-02-09,11,601.56476,0.09951189776074106
2025-02-09,12,529.9595,0.09105589526663975
2025-02-09,13,460.65747,0.08287188562089189
2025-02-09,14,430.98563,0.07936788112395164
2025-02-09,15,434.847,0.07982387771345704
2025-02-09,16,445.51663,0.08108387478477748
2025-02-19,1,346.84766,0.0694318668678953
2025-02-19,2,426.71774,0.07886387780793058
2025-02-19,3,337.70227,0.06835187022170577
2025-02-19,4,353.75754,0.07024786785042006
2025-02-19,5,345.1541,0.06923187111920434
2025-02-19,6,335.3312,0.06807186601763349
2025-02-19,11,239.13484,0.056711853358179874
2025-02-19,12,236.188,0.05636385537046616
2025-02-19,13,181.55252,0.04991184674503246
2025-02-19,14,221.28432,0.05460385121363064
2025-02-19,15,199.33531,0.052011850523973835
2025-02-19,16,165.97142,0.048071844761088244
2025-02-24,1,383.12454,0.07371587320706946
2025-02-24,2,366.89987,0.07179987080744168
2025-02-24,3,338.041,0.06839187149709848
2025-02-24,4,341.6314,0.06881586871957657
2025-02-24,5,528.67236,0.09090389443527265
2025-02-24,6,396.80884,0.07533187844090326
2025-02-24,7,414.08353,0.07737187971629599
2025-02-24,8,446.26184,0.08117187806300913
2025-02-24,9,416.55618,0.07766387969740127
2025-02-24,10,417.91104,0.07782387771345704
2025-02-24,11,343.05402,0.06898386864399773
2025-02-24,12,694.30615,0.11046390638617475
2025-02-24,13,440.80847,0.08052787914000742
2025-02-24,14,391.96515,0.07475987779848323
2025-02-24,15,388.0021,0.07429187362275301
2025-02-24,16,376.89212,0.07297987477533013
2025-04-05,12,1163.2537,0.16584282201894665
2025-04-15,9,1305.7982,0.18267617542790607
2025-04-15,10,1301.4949,0.18216799047706772
2025-04-15,11,1127.0173,0.16156359604061415
2025-04-15,12,1227.9249,0.17347996806794536
2025-04-15,13,1264.3075,0.17777645908469314
2025-04-15,14,1178.1332,0.16759997071320432
2025-04-15,16,1275.1302,0.17905453248590575
2025-05-10,8,921.21436,0.13725993212076554
2025-05-10,10,1056.8716,0.15327995578638587
2025-05-10,11,1017.8059,0.14866661234438439
2025-05-10,12,1084.3755,0.15652794409056234
2025-05-10,13,1130.1704,0.1619359516673398
2025-06-26,13,480.67883,0.08523624642476718
2025-06-26,14,342.03784,0.06886386599873878
2025-06-26,15,415.03192,0.07748387691043201
2025-06-26,16,331.02945,0.0675638641092681
2025-06-29,1,214.06961,0.053751852271734235
2025-06-29,2,305.75394,0.06457903065430008
2025-06-29,3,260.03387,0.059179859895748456
2025-06-29,4,170.40865,0.04859584576250771
2025-06-29,5,137.11253,0.04466384308890668
2025-06-29,6,171.49258,0.04872384913521289
2025-06-29,7,247.50124,0.05769985758114686
2025-06-29,8,257.15472,0.058839855549965875
2025-06-29,14,367.11157,0.07182487086648763
2025-06-29,15,283.5071,0.061951858648697795
2025-07-16,13,884.9375,0.1329759281434297
2025-07-16,15,1061.162,0.1537866173514817
2025-07-16,16,967.11084,0.142679935474576
2025-07-19,15,1076.094,0.15554996587143569
2025-07-19,16,1101.9214,0.15859997307504267
2025-07-24,14,423.53378,0.07848787786461471
2025-07-24,15,376.5195,0.07293587136483554
2025-07-24,16,438.57294,0.08026388111450429
2025-10-07,16,304.27063,0.06440386373137395
2025-11-01,1,325.74542,0.06693986287166478
2025-11-01,2,313.7209,0.06551986424153103
2025-11-01,3,333.4344,0.06784786926752308
2025-11-01,4,366.05313,0.07169987765677294
2025-11-01,5,383.3955,0.0737478713931776
2025-11-01,6,435.4906,0.07989988167189814
2025-11-01,7,409.8156,0.07686787167659821
2025-11-01,8,407.58008,0.07660387483201425
2025-11-01,9,415.1674,0.07749987600348607
2025-11-01,10,347.01703,0.06945186809605125
2025-11-01,11,368.01767,0.07193187395341037
2025-11-01,12,318.83557,0.06612386543189758
2025-11-01,13,327.60843,0.06715986929586513
2025-11-01,14,355.01086,0.07039587481311954
2025-11-01,15,355.41727,0.07044386854952421
2025-11-01,16,346.40738,0.06937987335822711
2025-11-26,1,373.8775,0.07262387251741265
2025-11-26,2,359.3803,0.07091187036341606
2025-11-26,3,381.32935,0.07350387577674959
2025-11-26,4,375.3001,0.07279187007999546
2025-11-26,5,348.43964,0.06961986683955323
2025-11-26,6,343.29114,0.0690118705995999
2025-11-26,7,347.35574,0.06949186700960559
2025-11-26,8,346.88156,0.06943587018391635
2025-11-26,9,626.26227,0.10242847408709042
2025-11-26,10,395.89426,0.07522387393451567
2025-11-26,11,376.99374,0.07299187527603987
2025-11-26,12,348.30417,0.06960386892741835
2025-11-26,13,399.6202,0.07566387733556292
2025-11-26,14,404.93808,0.07629187598459138
2025-11-26,15,373.23395,0.07254787446356746
2025-11-26,16,408.63013,0.07672787725053673
2025-12-11,1,256.1047,0.058715856674200935
2025-12-11,2,206.38068,0.05284385178047185
2025-12-11,3,196.76102,0.051707847680320454
2025-12-11,4,224.09569,0.05493585128920948
2025-12-11,5,196.59167,0.05168784881400287
2025-12-11,6,237.33963,0.05649985356602165
2025-12-11,7,189.8173,0.05088785046728972
2025-12-11,8,196.2191,0.05164385130810418
2025-12-11,9,234.59601,0.05617585421788904
2025-12-11,10,251.26102,0.05814385721270008
2025-12-11,11,277.88437,0.06128785967845933
2025-12-11,12,215.59384,0.053931851515945955
2025-12-11,13,233.24113,0.056015853839994904
2025-12-11,14,212.34213,0.05354785084518386
2025-12-11,15,266.2663,0.05991585950840697
2025-12-11,16,268.0615,0.060127858119646015
2025-12-16,1,296.4462,0.06347986178521915
2025-12-16,2,283.541,0.061955861964718854
2025-12-16,3,225.14574,0.05505985370773195
2025-12-16,4,243.09787,0.057179855172071734
2025-12-16,5,248.8222,0.05785585228118158
2025-12-16,6,257.2902,0.05885585464301995
2025-12-16,7,256.07083,0.05871185690093742
2025-12-16,9,397.89273,0.07545987708993171
2025-12-16,10,287.6056,0.062435858374724554
2025-12-16,11,296.1075,0.06343986405258396
2025-12-16,12,297.46237,0.06359986324955892
2025-12-16,13,338.68454,0.0684678683700245
2025-12-16,14,304.20288,0.06439586300392773
2025-12-16,15,252.58203,0.0582998578173307
2025-12-16,16,249.29643,0.05791185501146673
2025-12-21,1,250.24486,0.05802385692927947
2025-12-21,2,251.19328,0.058135857666173046
2025-12-21,3,260.77905,0.05926785963122256
2025-12-21,4,277.7489,0.06127186176632443
2025-12-21,5,235.917,0.0563318524606813
2025-12-21,6,208.85332,0.05313585058065796
2025-12-21,7,249.8384,0.057975857288278906
2025-12-21,8,225.95865,0.05515585180881391
2025-12-21,9,213.08731,0.053635850580657965
2025-12-21,10,268.70508,0.06020385971624874
2025-12-21,11,260.20322,0.05919985876206604
2025-12-21,12,270.26315,0.06038785519096645
2025-12-21,13,273.2439,0.060739857675620394
2025-12-21,14,254.47882,0.05852385338652194
2025-12-21,15,247.80609,0.057735857902356885
2025-12-21,16,225.04413,0.0550478543879414
2025-12-26,1,201.06277,0.05221584958868585
2025-12-26,2,198.38687,0.05189984742524191
2025-12-26,3,181.89127,0.04995185038226354
2025-12-26,4,194.15291,0.051399850967999455
2025-12-26,5,173.66035,0.04897984525235063
2025-12-26,6,163.19394,0.047743846820611294
2025-12-26,7,149.27255,0.04609984317393286
2025-12-26,8,189.07208,0.050799846008138895
2025-12-26,9,164.65044,0.04791584769921517
2025-12-26,10,179.82506,0.04970784768032046
2025-12-26,11,216.1358,0.05399585261183895
2025-12-26,12,217.5923,0.05416785349044282
2025-12-26,13,203.23056,0.05247184806766195
2025-12-26,14,200.0805,0.05209985144036713
2025-12-26,15,175.42169,0.04918784527124533
2025-12-26,16,170.47641,0.048603847670873106
2025-12-31,2,2.6408753,0.028783827465345926
2025-12-31,4,202.7564,0.05241585360381107
2025-12-31,5,65.74432,0.03623583428397327
2025-12-31,6,174.30392,0.04905584566803417
2025-12-31,7,160.58578,0.04743584420369439
2025-12-31,8,189.17374,0.05081185123252535
2025-12-31,9,170.71352,0.04863184844555608
2025-12-31,10,212.40988,0.05355585157263007
2025-12-31,11,209.05656,0.05315985158207743
2025-12-31,12,213.39833,0.0536725795290022
2025-12-31,13,225.9248,0.05515185439738876
2025-12-31,14,197.64172,0.05181185123252535
2025-12-31,15,214.4422,0.05379585213947128
2025-12-31,16,193.23836,0.0512918500043694
2026-01-20,1,324.18735,0.06675586739694708
2026-01-20,2,331.09723,0.06757186837947185
2026-01-20,3,319.34363,0.06618386321176951
2026-01-20,4,292.7203,0.06303986310784862
2026-01-20,5,321.71472,0.06646386977768015
2026-01-20,6,331.33435,0.06759987033507402
2026-01-20,7,296.92044,0.06353586569642347
2026-01-20,8,286.7927,0.062339861454561774
2026-01-20,9,367.78055,0.07190387199780822
2026-01-20,10,364.4611,0.07151187178051908
2026-01-20,11,359.54965,0.07093186922973366
2026-01-20,12,352.0301,0.0700438711475464
2026-01-20,13,392.6764,0.07484387067517873
2026-01-20,14,356.09473,0.07052387110030965
2026-01-20,15,351.35266,0.06996387095859935
2026-01-20,16,329.4375,0.0673758676803677
2026-01-30,1,235.23956,0.05625185227173423
2026-01-30,2,199.77565,0.05206385111915711
2026-01-30,3,9.268489,0.029566495079109776
2026-01-30,6,179.68958,0.049691848587266385
2026-01-30,7,200.96115,0.052203849087976116
2026-01-30,10,323.00748,0.06661653428562657
2026-01-30,11,279.1715,0.06143985932890725
2026-01-30,12,242.08173,0.057059857250489496
2026-01-30,13,231.44592,0.05580385404783668
2026-01-30,14,236.18799,0.05636385418954698
2026-01-30,15,219.31976,0.05437185255515483
2026-01-30,16,283.10068,0.06190386373137396
2026-02-04,1,390.81348,0.07462387487925103
2026-02-04,2,392.3716,0.07480787625856461
2026-02-04,3,388.81503,0.07438787408567332
2026-02-04,4,501.78287,0.08772846298645014
2026-02-04,7,374.99527,0.07275587212062382
2026-02-04,10,251.0578,0.05811985857311897
2026-02-04,11,440.673,0.08051188122787253
2026-02-04,12,443.01016,0.08078788093500457
2026-02-04,14,392.1345,0.07477987666480082
2026-02-04,15,290.5525,0.06278386344795335
2026-02-04,16,383.70038,0.07378387525714515
2026-02-09,1,694.40784,0.11047591515331874
2026-02-09,2,718.1803,0.1132832505508988
2026-02-09,3,764.2501,0.11872372159594143
2026-02-09,4,780.2965,0.12061867174934283
2026-02-09,5,781.59607,0.120772140463251
2026-02-09,6,770.14545,0.11941991478487196
2026-02-09,7,796.0575,0.12247991846933981
2026-02-09,8,774.7312,0.11996145479795654
2026-02-09,9,657.11475,0.10607190262612808
2026-02-09,10,515.7332,0.08937588421323622
2026-02-09,11,588.6257,0.09798389934789645
2026-02-09,12,498.56015,0.0873478858003916
2026-02-09,13,556.88763,0.09423588978717475
2026-02-09,14,468.54965,0.0838038882944929
2026-02-09,15,472.9868,0.08432787984855894
2026-02-09,16,475.053,0.08457188136958284
2026-02-14,1,522.677,0.0901958908736204
2026-02-14,2,526.64,0.09066388914475472
2026-02-14,3,520.33984,0.08991989116648835
2026-02-14,4,495.68106,0.0870078885401241
2026-02-14,5,499.57632,0.08746788726473138
2026-02-14,6,478.7789,0.08501188004695336
2026-02-14,7,499.03436,0.08740388616883839
2026-02-14,8,523.2528,0.09026388820001938
2026-02-14,9,514.1413,0.08918789368893172
2026-02-14,10,525.01416,0.09047189058075243
2026-02-14,11,522.47375,0.09017188869128176
2026-02-14,12,526.3013,0.09062389141211954
2026-02-14,13,571.0122,0.09590388734975756
2026-02-14,14,520.33984,0.08991989116648835
2026-02-14,15,551.0955,0.0935518860460228
2026-02-14,16,538.6307,0.09207989390622086
2026-02-19,1,344.20566,0.06911986802047242
2026-02-19,2,352.064,0.07004787446356746
2026-02-19,3,351.62363,0.06999587032562665
2026-02-19,4,345.76376,0.06930386703794765
2026-02-19,5,350.03162,0.06980786681121118
2026-02-19,6,324.93253,0.06684386713242119
2026-02-19,7,354.84143,0.0703758664994485
2026-02-19,8,371.84518,0.07238387195057146
2026-02-19,9,363.54657,0.0714038731787274
2026-02-19,10,395.92813,0.0752278737077792
2026-02-19,11,372.96292,0.07251586801102507
2026-02-19,12,388.78116,0.07438387431240981
2026-02-19,13,403.17673,0.07608387478477749
2026-02-19,14,337.70227,0.06835187022170577
2026-02-19,15,323.67926,0.06669586607431761
2026-02-19,16,320.29208,0.06629586749142062
2026-02-24,1,503.87805,0.08797588681125841
2026-02-24,2,496.3585,0.08708788872907115
2026-02-24,3,483.28387,0.08554388059489985
2026-02-24,4,479.89673,0.08514388673567959
2026-02-24,5,481.65805,0.08535188439273594
2026-02-24,6,447.44736,0.0813118783936665
2026-02-24,7,466.41565,0.08355188014142689
2026-02-24,8,429.29202,0.0791678794706648
2026-02-24,9,467.2625,0.08365188628220661
2026-02-24,10,461.36874,0.08295588085942575
2026-02-24,11,459.20093,0.0826998800186113
2026-02-24,12,475.42563,0.0846158859609966
2026-02-24,13,499.77957,0.08749188944707002
2026-02-24,14,479.5241,0.08509988214426581
2026-02-24,15,477.99988,0.08491988408097327
2026-02-24,16,478.50797,0.08497988540360275
2026-03-01,1,584.6965,0.09751989258359138
2026-03-01,2,557.70056,0.09433189025009507
2026-03-01,3,549.5375,0.09336789883773935
2026-03-01,4,557.1586,0.09426788915420208
2026-03-01,5,553.6359,0.0938518867545743
2026-03-01,6,568.1331,0.09556388890857088
2026-03-01,7,575.31396,0.09641189043904214
2026-03-01,8,567.65894,0.09550789444472
2026-03-01,9,606.1714,0.10005590471399319
2026-03-01,10,632.9302,0.10321590273004896
2026-03-01,11,622.59924,0.10199589984860617
2026-03-01,12,634.6576,0.1034198947092459
2026-03-01,13,599.8373,0.09930789869602905
2026-03-01,14,599.5325,0.09927190427941493
2026-03-01,15,599.905,0.09931589351887936
2026-03-01,16,608.9827,0.10038789652313776
2026-03-06,1,583.10455,0.09733189615469097
2026-03-06,2,574.3656,0.09629989678766365
2026-03-06,3,594.14685,0.0986359025411019
2026-03-06,4,564.8476,0.09517589791189872
2026-03-06,5,554.8215,0.0939918965325851
2026-03-06,6,502.2522,0.08778388706633697
2026-03-06,7,537.5806,0.09195588558310247
2026-03-06,8,599.76953,0.09929989560674447
2026-03-06,9,556.2441,0.09415989409516792
2026-03-06,10,591.3016,0.09829990151134038
2026-03-06,11,589.3031,0.09806389481316678
2026-03-06,12,588.8628,0.09801189894166024
2026-03-06,13,628.28973,0.10266790072721003
2026-03-06,14,580.3271,0.09700390175697156
2026-03-06,15,568.1332,0.09556390071776269
2026-03-06,16,555.242,0.09404155418411475
2026-03-11,4,586.5595,0.09773989782687252
2026-03-16,10,692.30774,0.11022791031627378
2026-03-16,12,483.6565,0.08558788518631362
2026-03-16,13,422.28052,0.0783398779874303
2026-03-16,14,312.73865,0.06540386845505068
2026-03-16,16,91.216034,0.039243837845625525
2026-03-26,12,949.1926,0.1405639361453381
2026-03-26,13,918.43054,0.1369311854775283
2026-03-26,15,935.71344,0.13897215628756798
2026-04-05,15,437.4921,0.0801362426458258
2026-04-05,16,557.1756,0.09426989671680851
